_row_id,year,coo_id,coo_name,coo,coo_iso,coa_id,coa_name,coa,coa_iso,total
0,1990,262,Unknown,UKN,UNK,262,Unknown,UKN,UNK,21300000
1,1991,262,Unknown,UKN,UNK,262,Unknown,UKN,UNK,22500000
2,1992,262,Unknown,UKN,UNK,262,Unknown,UKN,UNK,25000000
3,1993,262,Unknown,UKN,UNK,262,Unknown,UKN,UNK,27500000
4,1994,262,Unknown,UKN,UNK,262,Unknown,UKN,UNK,28000000
5,1995,262,Unknown,UKN,UNK,262,Unknown,UKN,UNK,22000000
6,1996,262,Unknown,UKN,UNK,262,Unknown,UKN,UNK,19700000
7,1997,262,Unknown,UKN,UNK,262,Unknown,UKN,UNK,17400000
8,1998,262,Unknown,UKN,UNK,262,Unknown,UKN,UNK,19300000
9,1999,262,Unknown,UKN,UNK,262,Unknown,UKN,UNK,21300000
10,2000,262,Unknown,UKN,UNK,262,Unknown,UKN,UNK,21200000
11,2001,262,Unknown,UKN,UNK,262,Unknown,UKN,UNK,25000000
12,2002,262,Unknown,UKN,UNK,262,Unknown,UKN,UNK,25000000
13,2003,262,Unknown,UKN,UNK,262,Unknown,UKN,UNK,24600000
14,2004,262,Unknown,UKN,UNK,262,Unknown,UKN,UNK,25300000
15,2005,262,Unknown,UKN,UNK,262,Unknown,UKN,UNK,23300000
16,2006,262,Unknown,UKN,UNK,262,Unknown,UKN,UNK,24400000
17,2007,262,Unknown,UKN,UNK,262,Unknown,UKN,UNK,26000000
18,2008,262,Unknown,UKN,UNK,262,Unknown,UKN,UNK,26000000
19,2009,2,Afghanistan,AFG,AFG,2,Afghanistan,AFG,AFG,297000
20,2009,10,Armenia,ARM,ARM,10,Armenia,ARM,ARM,8400
21,2009,13,Azerbaijan,AZE,AZE,13,Azerbaijan,AZE,AZE,586000
22,2009,16,Burundi,BDI,BDI,16,Burundi,BDI,BDI,100000
23,2009,20,Bangladesh,BGD,BGD,20,Bangladesh,BGD,BGD,426000
24,2009,29,Bosnia and Herzegovina,BSN,BIH,29,Bosnia and Herzegovina,BSN,BIH,114000
25,2009,34,Central African Rep.,CAR,CAF,34,Central African Rep.,CAR,CAF,162000
26,2009,36,Chad,CHD,TCD,36,Chad,CHD,TCD,168000
27,2009,40,Congo,COB,COG,40,Congo,COB,COG,7800
28,2009,41,Dem. Rep. of the Congo,COD,COD,41,Dem. Rep. of the Congo,COD,COD,1900000
29,2009,44,Colombia,COL,COL,44,Colombia,COL,COL,4916000
30,2009,48,Cyprus,CYP,CYP,48,Cyprus,CYP,CYP,201000
31,2009,56,Eritrea,ERT,ERI,56,Eritrea,ERT,ERI,10000
32,2009,58,Ethiopia,ETH,ETH,58,Ethiopia,ETH,ETH,350000
33,2009,69,Palestinian,GAZ,PSE,69,State of Palestine,GAZ,PSE,160000
34,2009,71,Georgia,GEO,GEO,71,Georgia,GEO,GEO,240000
35,2009,84,Croatia,HRV,HRV,84,Croatia,HRV,HRV,2400
36,2009,87,Cote d'Ivoire,ICO,CIV,87,Cote d'Ivoire,ICO,CIV,342000
37,2009,88,India,IND,IND,88,India,IND,IND,500000
38,2009,89,Indonesia,INS,IDN,89,Indonesia,INS,IDN,70000
39,2009,92,Iraq,IRQ,IRQ,92,Iraq,IRQ,IRQ,2764000
40,2009,99,Kenya,KEN,KEN,99,Kenya,KEN,KEN,250000
41,2009,106,Liberia,LBR,LBR,106,Liberia,LBR,LBR,23000
42,2009,109,Lebanon,LEB,LBN,109,Lebanon,LEB,LBN,90000
43,2009,112,Sri Lanka,LKA,LKA,112,Sri Lanka,LKA,LKA,400000
44,2009,120,North Macedonia,MCD,MKD,120,North Macedonia,MCD,MKD,640
45,2009,124,Mexico,MEX,MEX,124,Mexico,MEX,MEX,8000
46,2009,135,Myanmar,MYA,MMR,135,Myanmar,MYA,MMR,470000
47,2009,137,Nepal,NEP,NPL,137,Nepal,NEP,NPL,60000
48,2009,139,Niger,NGR,NER,139,Niger,NGR,NER,11000
49,2009,147,Pakistan,PAK,PAK,147,Pakistan,PAK,PAK,1230000
50,2009,150,Peru,PER,PER,150,Peru,PER,PER,150000
51,2009,151,Philippines,PHI,PHL,151,Philippines,PHI,PHL,125000
52,2009,160,Russian Federation,RUS,RUS,160,Russian Federation,RUS,RUS,80000
53,2009,165,Senegal,SEN,SEN,165,Senegal,SEN,SEN,24000
54,2009,172,Somalia,SOM,SOM,172,Somalia,SOM,SOM,1500000
55,2009,164,Serbia and Kosovo: S/RES/1244 (1999),SRB,SRB,164,Serbia and Kosovo: S/RES/1244 (1999),SRB,SRB,245000
56,2009,177,Sudan,SUD,SDN,177,Sudan,SUD,SDN,4900000
57,2009,185,Syrian Arab Rep.,SYR,SYR,185,Syrian Arab Rep.,SYR,SYR,433000
58,2009,190,Turkmenistan,TKM,TKM,190,Turkmenistan,TKM,TKM,4000
59,2009,191,Timor-Leste,TMP,TLS,191,Timor-Leste,TMP,TLS,400
60,2009,192,Togo,TOG,TGO,192,Togo,TOG,TGO,10000
61,2009,196,Türkiye,TUR,TUR,196,Türkiye,TUR,TUR,1000000
62,2009,199,Uganda,UGA,UGA,199,Uganda,UGA,UGA,435000
63,2009,203,Uzbekistan,UZB,UZB,203,Uzbekistan,UZB,UZB,3400
64,2009,211,Yemen,YEM,YEM,211,Yemen,YEM,YEM,175000
65,2010,2,Afghanistan,AFG,AFG,2,Afghanistan,AFG,AFG,352000
66,2010,10,Armenia,ARM,ARM,10,Armenia,ARM,ARM,8400
67,2010,13,Azerbaijan,AZE,AZE,13,Azerbaijan,AZE,AZE,593000
68,2010,16,Burundi,BDI,BDI,16,Burundi,BDI,BDI,100000
69,2010,20,Bangladesh,BGD,BGD,20,Bangladesh,BGD,BGD,426000
70,2010,29,Bosnia and Herzegovina,BSN,BIH,29,Bosnia and Herzegovina,BSN,BIH,113000
71,2010,34,Central African Rep.,CAR,CAF,34,Central African Rep.,CAR,CAF,192000
72,2010,36,Chad,CHD,TCD,36,Chad,CHD,TCD,171000
73,2010,40,Congo,COB,COG,40,Congo,COB,COG,7800
74,2010,41,Dem. Rep. of the Congo,COD,COD,41,Dem. Rep. of the Congo,COD,COD,1700000
75,2010,44,Colombia,COL,COL,44,Colombia,COL,COL,5196000
76,2010,48,Cyprus,CYP,CYP,48,Cyprus,CYP,CYP,208000
77,2010,56,Eritrea,ERT,ERI,56,Eritrea,ERT,ERI,10000
78,2010,58,Ethiopia,ETH,ETH,58,Ethiopia,ETH,ETH,300000
79,2010,69,Palestinian,GAZ,PSE,69,State of Palestine,GAZ,PSE,160000
80,2010,71,Georgia,GEO,GEO,71,Georgia,GEO,GEO,257000
81,2010,84,Croatia,HRV,HRV,84,Croatia,HRV,HRV,2300
82,2010,87,Cote d'Ivoire,ICO,CIV,87,Cote d'Ivoire,ICO,CIV,522000
83,2010,88,India,IND,IND,88,India,IND,IND,650000
84,2010,89,Indonesia,INS,IDN,89,Indonesia,INS,IDN,200000
85,2010,92,Iraq,IRQ,IRQ,92,Iraq,IRQ,IRQ,2800000
86,2010,99,Kenya,KEN,KEN,99,Kenya,KEN,KEN,250000
87,2010,100,Kyrgyzstan,KGZ,KGZ,100,Kyrgyzstan,KGZ,KGZ,75000
88,2010,106,Liberia,LBR,LBR,106,Liberia,LBR,LBR,23000
89,2010,109,Lebanon,LEB,LBN,109,Lebanon,LEB,LBN,75000
90,2010,112,Sri Lanka,LKA,LKA,112,Sri Lanka,LKA,LKA,327000
91,2010,120,North Macedonia,MCD,MKD,120,North Macedonia,MCD,MKD,640
92,2010,124,Mexico,MEX,MEX,124,Mexico,MEX,MEX,123000
93,2010,135,Myanmar,MYA,MMR,135,Myanmar,MYA,MMR,446000
94,2010,137,Nepal,NEP,NPL,137,Nepal,NEP,NPL,50000
95,2010,139,Niger,NGR,NER,139,Niger,NGR,NER,11000
96,2010,147,Pakistan,PAK,PAK,147,Pakistan,PAK,PAK,980000
97,2010,150,Peru,PER,PER,150,Peru,PER,PER,150000
98,2010,151,Philippines,PHI,PHL,151,Philippines,PHI,PHL,15000
99,2010,160,Russian Federation,RUS,RUS,160,Russian Federation,RUS,RUS,78000
100,2010,165,Senegal,SEN,SEN,165,Senegal,SEN,SEN,24000
101,2010,172,Somalia,SOM,SOM,172,Somalia,SOM,SOM,1500000
102,2010,164,Serbia and Kosovo: S/RES/1244 (1999),SRB,SRB,164,Serbia and Kosovo: S/RES/1244 (1999),SRB,SRB,243000
103,2010,177,Sudan,SUD,SDN,177,Sudan,SUD,SDN,4800000
104,2010,185,Syrian Arab Rep.,SYR,SYR,185,Syrian Arab Rep.,SYR,SYR,433000
105,2010,190,Turkmenistan,TKM,TKM,190,Turkmenistan,TKM,TKM,4000
106,2010,191,Timor-Leste,TMP,TLS,191,Timor-Leste,TMP,TLS,400
107,2010,192,Togo,TOG,TGO,192,Togo,TOG,TGO,10000
108,2010,196,Türkiye,TUR,TUR,196,Türkiye,TUR,TUR,1000000
109,2010,199,Uganda,UGA,UGA,199,Uganda,UGA,UGA,166000
110,2010,203,Uzbekistan,UZB,UZB,203,Uzbekistan,UZB,UZB,3400
111,2010,211,Yemen,YEM,YEM,211,Yemen,YEM,YEM,226000
112,2011,2,Afghanistan,AFG,AFG,2,Afghanistan,AFG,AFG,450000
113,2011,10,Armenia,ARM,ARM,10,Armenia,ARM,ARM,8400
114,2011,13,Azerbaijan,AZE,AZE,13,Azerbaijan,AZE,AZE,599000
115,2011,16,Burundi,BDI,BDI,16,Burundi,BDI,BDI,79000
116,2011,20,Bangladesh,BGD,BGD,20,Bangladesh,BGD,BGD,426000
117,2011,29,Bosnia and Herzegovina,BSN,BIH,29,Bosnia and Herzegovina,BSN,BIH,113000
118,2011,34,Central African Rep.,CAR,CAF,34,Central African Rep.,CAR,CAF,105000
119,2011,36,Chad,CHD,TCD,36,Chad,CHD,TCD,126000
120,2011,40,Congo,COB,COG,40,Congo,COB,COG,7800
121,2011,41,Dem. Rep. of the Congo,COD,COD,41,Dem. Rep. of the Congo,COD,COD,1710000
122,2011,44,Colombia,COL,COL,44,Colombia,COL,COL,5281000
123,2011,48,Cyprus,CYP,CYP,48,Cyprus,CYP,CYP,208000
124,2011,56,Eritrea,ERT,ERI,56,Eritrea,ERT,ERI,10000
125,2011,58,Ethiopia,ETH,ETH,58,Ethiopia,ETH,ETH,350000
126,2011,69,Palestinian,GAZ,PSE,69,State of Palestine,GAZ,PSE,160000
127,2011,71,Georgia,GEO,GEO,71,Georgia,GEO,GEO,270000
128,2011,84,Croatia,HRV,HRV,84,Croatia,HRV,HRV,2100
129,2011,87,Cote d'Ivoire,ICO,CIV,87,Cote d'Ivoire,ICO,CIV,247000
130,2011,88,India,IND,IND,88,India,IND,IND,650000
131,2011,89,Indonesia,INS,IDN,89,Indonesia,INS,IDN,180000
132,2011,92,Iraq,IRQ,IRQ,92,Iraq,IRQ,IRQ,2600000
133,2011,99,Kenya,KEN,KEN,99,Kenya,KEN,KEN,250000
134,2011,100,Kyrgyzstan,KGZ,KGZ,100,Kyrgyzstan,KGZ,KGZ,67000
135,2011,106,Liberia,LBR,LBR,106,Liberia,LBR,LBR,23000
136,2011,107,Libya,LBY,LBY,107,Libya,LBY,LBY,154000
137,2011,109,Lebanon,LEB,LBN,109,Lebanon,LEB,LBN,47000
138,2011,112,Sri Lanka,LKA,LKA,112,Sri Lanka,LKA,LKA,125000
139,2011,120,North Macedonia,MCD,MKD,120,North Macedonia,MCD,MKD,640
140,2011,124,Mexico,MEX,MEX,124,Mexico,MEX,MEX,162000
141,2011,135,Myanmar,MYA,MMR,135,Myanmar,MYA,MMR,450000
142,2011,137,Nepal,NEP,NPL,137,Nepal,NEP,NPL,50000
143,2011,139,Niger,NGR,NER,139,Niger,NGR,NER,11000
144,2011,147,Pakistan,PAK,PAK,147,Pakistan,PAK,PAK,900000
145,2011,150,Peru,PER,PER,150,Peru,PER,PER,150000
146,2011,151,Philippines,PHI,PHL,151,Philippines,PHI,PHL,46000
147,2011,165,Senegal,SEN,SEN,165,Senegal,SEN,SEN,24000
148,2011,172,Somalia,SOM,SOM,172,Somalia,SOM,SOM,1459000
149,2011,164,Serbia and Kosovo: S/RES/1244 (1999),SRB,SRB,164,Serbia and Kosovo: S/RES/1244 (1999),SRB,SRB,243000
150,2011,179,South Sudan,SSD,SSD,179,South Sudan,SSD,SSD,350000
151,2011,177,Sudan,SUD,SDN,177,Sudan,SUD,SDN,2200000
152,2011,185,Syrian Arab Rep.,SYR,SYR,185,Syrian Arab Rep.,SYR,SYR,600000
153,2011,188,Thailand,THA,THA,188,Thailand,THA,THA,35000
154,2011,190,Turkmenistan,TKM,TKM,190,Turkmenistan,TKM,TKM,4000
155,2011,191,Timor-Leste,TMP,TLS,191,Timor-Leste,TMP,TLS,900
156,2011,192,Togo,TOG,TGO,192,Togo,TOG,TGO,10000
157,2011,196,Türkiye,TUR,TUR,196,Türkiye,TUR,TUR,1000000
158,2011,199,Uganda,UGA,UGA,199,Uganda,UGA,UGA,30000
159,2011,203,Uzbekistan,UZB,UZB,203,Uzbekistan,UZB,UZB,3400
160,2011,211,Yemen,YEM,YEM,211,Yemen,YEM,YEM,464000
161,2012,2,Afghanistan,AFG,AFG,2,Afghanistan,AFG,AFG,492000
162,2012,10,Armenia,ARM,ARM,10,Armenia,ARM,ARM,8400
163,2012,13,Azerbaijan,AZE,AZE,13,Azerbaijan,AZE,AZE,600000
164,2012,16,Burundi,BDI,BDI,16,Burundi,BDI,BDI,79000
165,2012,20,Bangladesh,BGD,BGD,20,Bangladesh,BGD,BGD,426000
166,2012,29,Bosnia and Herzegovina,BSN,BIH,29,Bosnia and Herzegovina,BSN,BIH,103000
167,2012,34,Central African Rep.,CAR,CAF,34,Central African Rep.,CAR,CAF,132000
168,2012,36,Chad,CHD,TCD,36,Chad,CHD,TCD,90000
169,2012,40,Congo,COB,COG,40,Congo,COB,COG,7800
170,2012,41,Dem. Rep. of the Congo,COD,COD,41,Dem. Rep. of the Congo,COD,COD,2700000
171,2012,44,Colombia,COL,COL,44,Colombia,COL,COL,5455000
172,2012,48,Cyprus,CYP,CYP,48,Cyprus,CYP,CYP,210000
173,2012,56,Eritrea,ERT,ERI,56,Eritrea,ERT,ERI,10000
174,2012,58,Ethiopia,ETH,ETH,58,Ethiopia,ETH,ETH,350000
175,2012,69,Palestinian,GAZ,PSE,69,State of Palestine,GAZ,PSE,145000
176,2012,71,Georgia,GEO,GEO,71,Georgia,GEO,GEO,280000
177,2012,87,Cote d'Ivoire,ICO,CIV,87,Cote d'Ivoire,ICO,CIV,80000
178,2012,88,India,IND,IND,88,India,IND,IND,1000000
179,2012,89,Indonesia,INS,IDN,89,Indonesia,INS,IDN,170000
180,2012,92,Iraq,IRQ,IRQ,92,Iraq,IRQ,IRQ,2100000
181,2012,99,Kenya,KEN,KEN,99,Kenya,KEN,KEN,300000
182,2012,100,Kyrgyzstan,KGZ,KGZ,100,Kyrgyzstan,KGZ,KGZ,164000
183,2012,106,Liberia,LBR,LBR,106,Liberia,LBR,LBR,23000
184,2012,107,Libya,LBY,LBY,107,Libya,LBY,LBY,50000
185,2012,109,Lebanon,LEB,LBN,109,Lebanon,LEB,LBN,45000
186,2012,112,Sri Lanka,LKA,LKA,112,Sri Lanka,LKA,LKA,93000
187,2012,120,North Macedonia,MCD,MKD,120,North Macedonia,MCD,MKD,620
188,2012,124,Mexico,MEX,MEX,124,Mexico,MEX,MEX,162000
189,2012,126,Mali,MLI,MLI,126,Mali,MLI,MLI,230000
190,2012,135,Myanmar,MYA,MMR,135,Myanmar,MYA,MMR,450000
191,2012,137,Nepal,NEP,NPL,137,Nepal,NEP,NPL,50000
192,2012,139,Niger,NGR,NER,139,Niger,NGR,NER,11000
193,2012,147,Pakistan,PAK,PAK,147,Pakistan,PAK,PAK,758000
194,2012,150,Peru,PER,PER,150,Peru,PER,PER,150000
195,2012,160,Russian Federation,RUS,RUS,160,Russian Federation,RUS,RUS,29000
196,2012,165,Senegal,SEN,SEN,165,Senegal,SEN,SEN,22000
197,2012,172,Somalia,SOM,SOM,172,Somalia,SOM,SOM,1350000
198,2012,164,Serbia and Kosovo: S/RES/1244 (1999),SRB,SRB,164,Serbia and Kosovo: S/RES/1244 (1999),SRB,SRB,243000
199,2012,179,South Sudan,SSD,SSD,179,South Sudan,SSD,SSD,350000
200,2012,177,Sudan,SUD,SDN,177,Sudan,SUD,SDN,3000000
201,2012,185,Syrian Arab Rep.,SYR,SYR,185,Syrian Arab Rep.,SYR,SYR,3000000
202,2012,188,Thailand,THA,THA,188,Thailand,THA,THA,35000
203,2012,190,Turkmenistan,TKM,TKM,190,Turkmenistan,TKM,TKM,4000
204,2012,191,Timor-Leste,TMP,TLS,191,Timor-Leste,TMP,TLS,900
205,2012,192,Togo,TOG,TGO,192,Togo,TOG,TGO,10000
206,2012,196,Türkiye,TUR,TUR,196,Türkiye,TUR,TUR,1000000
207,2012,199,Uganda,UGA,UGA,199,Uganda,UGA,UGA,30000
208,2012,203,Uzbekistan,UZB,UZB,203,Uzbekistan,UZB,UZB,3400
209,2012,211,Yemen,YEM,YEM,211,Yemen,YEM,YEM,385000
210,2013,2,Afghanistan,AFG,AFG,2,Afghanistan,AFG,AFG,631000
211,2013,10,Armenia,ARM,ARM,10,Armenia,ARM,ARM,8400
212,2013,13,Azerbaijan,AZE,AZE,13,Azerbaijan,AZE,AZE,543000
213,2013,16,Burundi,BDI,BDI,16,Burundi,BDI,BDI,79000
214,2013,20,Bangladesh,BGD,BGD,20,Bangladesh,BGD,BGD,426000
215,2013,29,Bosnia and Herzegovina,BSN,BIH,29,Bosnia and Herzegovina,BSN,BIH,103000
216,2013,34,Central African Rep.,CAR,CAF,34,Central African Rep.,CAR,CAF,935000
217,2013,36,Chad,CHD,TCD,36,Chad,CHD,TCD,90000
218,2013,40,Congo,COB,COG,40,Congo,COB,COG,7800
219,2013,41,Dem. Rep. of the Congo,COD,COD,41,Dem. Rep. of the Congo,COD,COD,2964000
220,2013,44,Colombia,COL,COL,44,Colombia,COL,COL,5700000
221,2013,48,Cyprus,CYP,CYP,48,Cyprus,CYP,CYP,212000
222,2013,56,Eritrea,ERT,ERI,56,Eritrea,ERT,ERI,10000
223,2013,58,Ethiopia,ETH,ETH,58,Ethiopia,ETH,ETH,316000
224,2013,69,Palestinian,GAZ,PSE,69,State of Palestine,GAZ,PSE,146000
225,2013,71,Georgia,GEO,GEO,71,Georgia,GEO,GEO,207000
226,2013,78,Guatemala,GUA,GTM,78,Guatemala,GUA,GTM,242000
227,2013,87,Cote d'Ivoire,ICO,CIV,87,Cote d'Ivoire,ICO,CIV,80000
228,2013,88,India,IND,IND,88,India,IND,IND,526000
229,2013,89,Indonesia,INS,IDN,89,Indonesia,INS,IDN,90000
230,2013,92,Iraq,IRQ,IRQ,92,Iraq,IRQ,IRQ,2100000
231,2013,99,Kenya,KEN,KEN,99,Kenya,KEN,KEN,412000
232,2013,106,Liberia,LBR,LBR,106,Liberia,LBR,LBR,23000
233,2013,107,Libya,LBY,LBY,107,Libya,LBY,LBY,59000
234,2013,109,Lebanon,LEB,LBN,109,Lebanon,LEB,LBN,20000
235,2013,112,Sri Lanka,LKA,LKA,112,Sri Lanka,LKA,LKA,90000
236,2013,120,North Macedonia,MCD,MKD,120,North Macedonia,MCD,MKD,330
237,2013,124,Mexico,MEX,MEX,124,Mexico,MEX,MEX,160000
238,2013,126,Mali,MLI,MLI,126,Mali,MLI,MLI,218000
239,2013,135,Myanmar,MYA,MMR,135,Myanmar,MYA,MMR,641000
240,2013,137,Nepal,NEP,NPL,137,Nepal,NEP,NPL,50000
241,2013,139,Niger,NGR,NER,139,Niger,NGR,NER,11000
242,2013,141,Nigeria,NIG,NGA,141,Nigeria,NIG,NGA,3300000
243,2013,147,Pakistan,PAK,PAK,147,Pakistan,PAK,PAK,747000
244,2013,150,Peru,PER,PER,150,Peru,PER,PER,150000
245,2013,151,Philippines,PHI,PHL,151,Philippines,PHI,PHL,116000
246,2013,160,Russian Federation,RUS,RUS,160,Russian Federation,RUS,RUS,35000
247,2013,165,Senegal,SEN,SEN,165,Senegal,SEN,SEN,24000
248,2013,172,Somalia,SOM,SOM,172,Somalia,SOM,SOM,1100000
249,2013,164,Serbia and Kosovo: S/RES/1244 (1999),SRB,SRB,164,Serbia and Kosovo: S/RES/1244 (1999),SRB,SRB,114000
250,2013,179,South Sudan,SSD,SSD,179,South Sudan,SSD,SSD,383000
251,2013,177,Sudan,SUD,SDN,177,Sudan,SUD,SDN,2427000
252,2013,185,Syrian Arab Rep.,SYR,SYR,185,Syrian Arab Rep.,SYR,SYR,6500000
253,2013,188,Thailand,THA,THA,188,Thailand,THA,THA,35000
254,2013,190,Turkmenistan,TKM,TKM,190,Turkmenistan,TKM,TKM,4000
255,2013,191,Timor-Leste,TMP,TLS,191,Timor-Leste,TMP,TLS,900
256,2013,192,Togo,TOG,TGO,192,Togo,TOG,TGO,10000
257,2013,196,Türkiye,TUR,TUR,196,Türkiye,TUR,TUR,954000
258,2013,199,Uganda,UGA,UGA,199,Uganda,UGA,UGA,30000
259,2013,203,Uzbekistan,UZB,UZB,203,Uzbekistan,UZB,UZB,3400
260,2013,211,Yemen,YEM,YEM,211,Yemen,YEM,YEM,307000
261,2014,263,Abyei Area,AB9,AB9,263,Abyei Area,AB9,AB9,20000
262,2014,2,Afghanistan,AFG,AFG,2,Afghanistan,AFG,AFG,805000
263,2014,8,Egypt,ARE,EGY,8,Egypt,ARE,EGY,4100
264,2014,10,Armenia,ARM,ARM,10,Armenia,ARM,ARM,8400
265,2014,13,Azerbaijan,AZE,AZE,13,Azerbaijan,AZE,AZE,569000
266,2014,16,Burundi,BDI,BDI,16,Burundi,BDI,BDI,78000
267,2014,20,Bangladesh,BGD,BGD,20,Bangladesh,BGD,BGD,426000
268,2014,29,Bosnia and Herzegovina,BSN,BIH,29,Bosnia and Herzegovina,BSN,BIH,100000
269,2014,34,Central African Rep.,CAR,CAF,34,Central African Rep.,CAR,CAF,439000
270,2014,36,Chad,CHD,TCD,36,Chad,CHD,TCD,71000
271,2014,39,Cameroon,CMR,CMR,39,Cameroon,CMR,CMR,40000
272,2014,40,Congo,COB,COG,40,Congo,COB,COG,7800
273,2014,41,Dem. Rep. of the Congo,COD,COD,41,Dem. Rep. of the Congo,COD,COD,2757000
274,2014,44,Colombia,COL,COL,44,Colombia,COL,COL,6044000
275,2014,48,Cyprus,CYP,CYP,48,Cyprus,CYP,CYP,212000
276,2014,56,Eritrea,ERT,ERI,56,Eritrea,ERT,ERI,10000
277,2014,58,Ethiopia,ETH,ETH,58,Ethiopia,ETH,ETH,397000
278,2014,69,Palestinian,GAZ,PSE,69,State of Palestine,GAZ,PSE,275000
279,2014,71,Georgia,GEO,GEO,71,Georgia,GEO,GEO,233000
280,2014,78,Guatemala,GUA,GTM,78,Guatemala,GUA,GTM,249000
281,2014,83,Honduras,HON,HND,83,Honduras,HON,HND,29000
282,2014,87,Cote d'Ivoire,ICO,CIV,87,Cote d'Ivoire,ICO,CIV,301000
283,2014,88,India,IND,IND,88,India,IND,IND,854000
284,2014,89,Indonesia,INS,IDN,89,Indonesia,INS,IDN,84000
285,2014,92,Iraq,IRQ,IRQ,92,Iraq,IRQ,IRQ,3276000
286,2014,99,Kenya,KEN,KEN,99,Kenya,KEN,KEN,309000
287,2014,106,Liberia,LBR,LBR,106,Liberia,LBR,LBR,23000
288,2014,107,Libya,LBY,LBY,107,Libya,LBY,LBY,400000
289,2014,109,Lebanon,LEB,LBN,109,Lebanon,LEB,LBN,20000
290,2014,112,Sri Lanka,LKA,LKA,112,Sri Lanka,LKA,LKA,90000
291,2014,120,North Macedonia,MCD,MKD,120,North Macedonia,MCD,MKD,220
292,2014,124,Mexico,MEX,MEX,124,Mexico,MEX,MEX,281000
293,2014,126,Mali,MLI,MLI,126,Mali,MLI,MLI,62000
294,2014,135,Myanmar,MYA,MMR,135,Myanmar,MYA,MMR,645000
295,2014,137,Nepal,NEP,NPL,137,Nepal,NEP,NPL,50000
296,2014,139,Niger,NGR,NER,139,Niger,NGR,NER,11000
297,2014,141,Nigeria,NIG,NGA,141,Nigeria,NIG,NGA,1075000
298,2014,147,Pakistan,PAK,PAK,147,Pakistan,PAK,PAK,1900000
299,2014,150,Peru,PER,PER,150,Peru,PER,PER,150000
300,2014,151,Philippines,PHI,PHL,151,Philippines,PHI,PHL,78000
301,2014,153,Papua New Guinea,PNG,PNG,153,Papua New Guinea,PNG,PNG,7500
302,2014,160,Russian Federation,RUS,RUS,160,Russian Federation,RUS,RUS,25000
303,2014,165,Senegal,SEN,SEN,165,Senegal,SEN,SEN,24000
304,2014,172,Somalia,SOM,SOM,172,Somalia,SOM,SOM,1107000
305,2014,164,Serbia and Kosovo: S/RES/1244 (1999),SRB,SRB,164,Serbia and Kosovo: S/RES/1244 (1999),SRB,SRB,114000
306,2014,179,South Sudan,SSD,SSD,179,South Sudan,SSD,SSD,1498000
307,2014,177,Sudan,SUD,SDN,177,Sudan,SUD,SDN,3100000
308,2014,185,Syrian Arab Rep.,SYR,SYR,185,Syrian Arab Rep.,SYR,SYR,7600000
309,2014,188,Thailand,THA,THA,188,Thailand,THA,THA,35000
310,2014,190,Turkmenistan,TKM,TKM,190,Turkmenistan,TKM,TKM,4000
311,2014,191,Timor-Leste,TMP,TLS,191,Timor-Leste,TMP,TLS,900
312,2014,192,Togo,TOG,TGO,192,Togo,TOG,TGO,10000
313,2014,196,Türkiye,TUR,TUR,196,Türkiye,TUR,TUR,954000
314,2014,199,Uganda,UGA,UGA,199,Uganda,UGA,UGA,30000
315,2014,200,Ukraine,UKR,UKR,200,Ukraine,UKR,UKR,647000
316,2014,203,Uzbekistan,UZB,UZB,203,Uzbekistan,UZB,UZB,3400
317,2014,211,Yemen,YEM,YEM,211,Yemen,YEM,YEM,334000
318,2015,263,Abyei Area,AB9,AB9,263,Abyei Area,AB9,AB9,82000
319,2015,2,Afghanistan,AFG,AFG,2,Afghanistan,AFG,AFG,1174000
320,2015,8,Egypt,ARE,EGY,8,Egypt,ARE,EGY,9100
321,2015,10,Armenia,ARM,ARM,10,Armenia,ARM,ARM,8400
322,2015,13,Azerbaijan,AZE,AZE,13,Azerbaijan,AZE,AZE,564000
323,2015,16,Burundi,BDI,BDI,16,Burundi,BDI,BDI,99000
324,2015,20,Bangladesh,BGD,BGD,20,Bangladesh,BGD,BGD,426000
325,2015,29,Bosnia and Herzegovina,BSN,BIH,29,Bosnia and Herzegovina,BSN,BIH,98000
326,2015,34,Central African Rep.,CAR,CAF,34,Central African Rep.,CAR,CAF,452000
327,2015,36,Chad,CHD,TCD,36,Chad,CHD,TCD,107000
328,2015,39,Cameroon,CMR,CMR,39,Cameroon,CMR,CMR,124000
329,2015,40,Congo,COB,COG,40,Congo,COB,COG,7800
330,2015,41,Dem. Rep. of the Congo,COD,COD,41,Dem. Rep. of the Congo,COD,COD,1500000
331,2015,44,Colombia,COL,COL,44,Colombia,COL,COL,6270000
332,2015,48,Cyprus,CYP,CYP,48,Cyprus,CYP,CYP,272000
333,2015,58,Ethiopia,ETH,ETH,58,Ethiopia,ETH,ETH,450000
334,2015,69,Palestinian,GAZ,PSE,69,State of Palestine,GAZ,PSE,221000
335,2015,71,Georgia,GEO,GEO,71,Georgia,GEO,GEO,239000
336,2015,78,Guatemala,GUA,GTM,78,Guatemala,GUA,GTM,251000
337,2015,83,Honduras,HON,HND,83,Honduras,HON,HND,174000
338,2015,87,Cote d'Ivoire,ICO,CIV,87,Cote d'Ivoire,ICO,CIV,303000
339,2015,88,India,IND,IND,88,India,IND,IND,612000
340,2015,89,Indonesia,INS,IDN,89,Indonesia,INS,IDN,6100
341,2015,92,Iraq,IRQ,IRQ,92,Iraq,IRQ,IRQ,3290000
342,2015,99,Kenya,KEN,KEN,99,Kenya,KEN,KEN,309000
343,2015,107,Libya,LBY,LBY,107,Libya,LBY,LBY,500000
344,2015,109,Lebanon,LEB,LBN,109,Lebanon,LEB,LBN,12000
345,2015,112,Sri Lanka,LKA,LKA,112,Sri Lanka,LKA,LKA,44000
346,2015,120,North Macedonia,MCD,MKD,120,North Macedonia,MCD,MKD,200
347,2015,124,Mexico,MEX,MEX,124,Mexico,MEX,MEX,287000
348,2015,126,Mali,MLI,MLI,126,Mali,MLI,MLI,50000
349,2015,135,Myanmar,MYA,MMR,135,Myanmar,MYA,MMR,644000
350,2015,137,Nepal,NEP,NPL,137,Nepal,NEP,NPL,50000
351,2015,139,Niger,NGR,NER,139,Niger,NGR,NER,153000
352,2015,141,Nigeria,NIG,NGA,141,Nigeria,NIG,NGA,2096000
353,2015,147,Pakistan,PAK,PAK,147,Pakistan,PAK,PAK,1459000
354,2015,150,Peru,PER,PER,150,Peru,PER,PER,60000
355,2015,151,Philippines,PHI,PHL,151,Philippines,PHI,PHL,62000
356,2015,153,Papua New Guinea,PNG,PNG,153,Papua New Guinea,PNG,PNG,6300
357,2015,160,Russian Federation,RUS,RUS,160,Russian Federation,RUS,RUS,27000
358,2015,165,Senegal,SEN,SEN,165,Senegal,SEN,SEN,24000
359,2015,172,Somalia,SOM,SOM,172,Somalia,SOM,SOM,1223000
360,2015,164,Serbia and Kosovo: S/RES/1244 (1999),SRB,SRB,164,Serbia and Kosovo: S/RES/1244 (1999),SRB,SRB,17000
361,2015,179,South Sudan,SSD,SSD,179,South Sudan,SSD,SSD,1697000
362,2015,177,Sudan,SUD,SDN,177,Sudan,SUD,SDN,3182000
363,2015,185,Syrian Arab Rep.,SYR,SYR,185,Syrian Arab Rep.,SYR,SYR,6600000
364,2015,188,Thailand,THA,THA,188,Thailand,THA,THA,35000
365,2015,192,Togo,TOG,TGO,192,Togo,TOG,TGO,3000
366,2015,196,Türkiye,TUR,TUR,196,Türkiye,TUR,TUR,954000
367,2015,199,Uganda,UGA,UGA,199,Uganda,UGA,UGA,30000
368,2015,200,Ukraine,UKR,UKR,200,Ukraine,UKR,UKR,1679000
369,2015,211,Yemen,YEM,YEM,211,Yemen,YEM,YEM,2509000
370,2016,263,Abyei Area,AB9,AB9,263,Abyei Area,AB9,AB9,20000
371,2016,2,Afghanistan,AFG,AFG,2,Afghanistan,AFG,AFG,1200000
372,2016,4,Algeria,ALG,DZA,4,Algeria,ALG,DZA,2500
373,2016,8,Egypt,ARE,EGY,8,Egypt,ARE,EGY,9100
374,2016,10,Armenia,ARM,ARM,10,Armenia,ARM,ARM,8400
375,2016,13,Azerbaijan,AZE,AZE,13,Azerbaijan,AZE,AZE,582000
376,2016,16,Burundi,BDI,BDI,16,Burundi,BDI,BDI,59000
377,2016,20,Bangladesh,BGD,BGD,20,Bangladesh,BGD,BGD,426000
378,2016,23,Burkina Faso,BKF,BFA,23,Burkina Faso,BKF,BFA,700
379,2016,29,Bosnia and Herzegovina,BSN,BIH,29,Bosnia and Herzegovina,BSN,BIH,98000
380,2016,34,Central African Rep.,CAR,CAF,34,Central African Rep.,CAR,CAF,412000
381,2016,36,Chad,CHD,TCD,36,Chad,CHD,TCD,108000
382,2016,39,Cameroon,CMR,CMR,39,Cameroon,CMR,CMR,177000
383,2016,40,Congo,COB,COG,40,Congo,COB,COG,25000
384,2016,41,Dem. Rep. of the Congo,COD,COD,41,Dem. Rep. of the Congo,COD,COD,2230000
385,2016,44,Colombia,COL,COL,44,Colombia,COL,COL,7246000
386,2016,48,Cyprus,CYP,CYP,48,Cyprus,CYP,CYP,272000
387,2016,58,Ethiopia,ETH,ETH,58,Ethiopia,ETH,ETH,258000
388,2016,69,Palestinian,GAZ,PSE,69,State of Palestine,GAZ,PSE,193000
389,2016,71,Georgia,GEO,GEO,71,Georgia,GEO,GEO,229000
390,2016,78,Guatemala,GUA,GTM,78,Guatemala,GUA,GTM,257000
391,2016,83,Honduras,HON,HND,83,Honduras,HON,HND,190000
392,2016,87,Cote d'Ivoire,ICO,CIV,87,Cote d'Ivoire,ICO,CIV,301000
393,2016,88,India,IND,IND,88,India,IND,IND,796000
394,2016,89,Indonesia,INS,IDN,89,Indonesia,INS,IDN,6700
395,2016,92,Iraq,IRQ,IRQ,92,Iraq,IRQ,IRQ,3035000
396,2016,99,Kenya,KEN,KEN,99,Kenya,KEN,KEN,138000
397,2016,107,Libya,LBY,LBY,107,Libya,LBY,LBY,304000
398,2016,109,Lebanon,LEB,LBN,109,Lebanon,LEB,LBN,12000
399,2016,112,Sri Lanka,LKA,LKA,112,Sri Lanka,LKA,LKA,44000
400,2016,120,North Macedonia,MCD,MKD,120,North Macedonia,MCD,MKD,150
401,2016,124,Mexico,MEX,MEX,124,Mexico,MEX,MEX,311000
402,2016,126,Mali,MLI,MLI,126,Mali,MLI,MLI,37000
403,2016,131,Mozambique,MOZ,MOZ,131,Mozambique,MOZ,MOZ,15000
404,2016,135,Myanmar,MYA,MMR,135,Myanmar,MYA,MMR,644000
405,2016,137,Nepal,NEP,NPL,137,Nepal,NEP,NPL,50000
406,2016,139,Niger,NGR,NER,139,Niger,NGR,NER,136000
407,2016,141,Nigeria,NIG,NGA,141,Nigeria,NIG,NGA,1955000
408,2016,147,Pakistan,PAK,PAK,147,Pakistan,PAK,PAK,464000
409,2016,150,Peru,PER,PER,150,Peru,PER,PER,62000
410,2016,151,Philippines,PHI,PHL,151,Philippines,PHI,PHL,87000
411,2016,153,Papua New Guinea,PNG,PNG,153,Papua New Guinea,PNG,PNG,8400
412,2016,160,Russian Federation,RUS,RUS,160,Russian Federation,RUS,RUS,19000
413,2016,165,Senegal,SEN,SEN,165,Senegal,SEN,SEN,24000
414,2016,172,Somalia,SOM,SOM,172,Somalia,SOM,SOM,1107000
415,2016,164,Serbia and Kosovo: S/RES/1244 (1999),SRB,SRB,164,Serbia and Kosovo: S/RES/1244 (1999),SRB,SRB,17000
416,2016,179,South Sudan,SSD,SSD,179,South Sudan,SSD,SSD,1847000
417,2016,177,Sudan,SUD,SDN,177,Sudan,SUD,SDN,3300000
418,2016,185,Syrian Arab Rep.,SYR,SYR,185,Syrian Arab Rep.,SYR,SYR,6326000
419,2016,188,Thailand,THA,THA,188,Thailand,THA,THA,35000
420,2016,192,Togo,TOG,TGO,192,Togo,TOG,TGO,1500
421,2016,196,Türkiye,TUR,TUR,196,Türkiye,TUR,TUR,154000
422,2016,199,Uganda,UGA,UGA,199,Uganda,UGA,UGA,53000
423,2016,200,Ukraine,UKR,UKR,200,Ukraine,UKR,UKR,1653000
424,2016,211,Yemen,YEM,YEM,211,Yemen,YEM,YEM,1974000
425,2017,263,Abyei Area,AB9,AB9,263,Abyei Area,AB9,AB9,31000
426,2017,2,Afghanistan,AFG,AFG,2,Afghanistan,AFG,AFG,1286000
427,2017,8,Egypt,ARE,EGY,8,Egypt,ARE,EGY,36000
428,2017,13,Azerbaijan,AZE,AZE,13,Azerbaijan,AZE,AZE,643000
429,2017,16,Burundi,BDI,BDI,16,Burundi,BDI,BDI,57000
430,2017,20,Bangladesh,BGD,BGD,20,Bangladesh,BGD,BGD,432000
431,2017,23,Burkina Faso,BKF,BFA,23,Burkina Faso,BKF,BFA,4900
432,2017,29,Bosnia and Herzegovina,BSN,BIH,29,Bosnia and Herzegovina,BSN,BIH,99000
433,2017,34,Central African Rep.,CAR,CAF,34,Central African Rep.,CAR,CAF,689000
434,2017,36,Chad,CHD,TCD,36,Chad,CHD,TCD,158000
435,2017,39,Cameroon,CMR,CMR,39,Cameroon,CMR,CMR,239000
436,2017,40,Congo,COB,COG,40,Congo,COB,COG,108000
437,2017,41,Dem. Rep. of the Congo,COD,COD,41,Dem. Rep. of the Congo,COD,COD,4480000
438,2017,44,Colombia,COL,COL,44,Colombia,COL,COL,6509000
439,2017,48,Cyprus,CYP,CYP,48,Cyprus,CYP,CYP,217000
440,2017,58,Ethiopia,ETH,ETH,58,Ethiopia,ETH,ETH,1078000
441,2017,69,Palestinian,GAZ,PSE,69,State of Palestine,GAZ,PSE,231000
442,2017,71,Georgia,GEO,GEO,71,Georgia,GEO,GEO,233000
443,2017,78,Guatemala,GUA,GTM,78,Guatemala,GUA,GTM,242000
444,2017,83,Honduras,HON,HND,83,Honduras,HON,HND,190000
445,2017,87,Cote d'Ivoire,ICO,CIV,87,Cote d'Ivoire,ICO,CIV,302000
446,2017,88,India,IND,IND,88,India,IND,IND,826000
447,2017,89,Indonesia,INS,IDN,89,Indonesia,INS,IDN,9500
448,2017,92,Iraq,IRQ,IRQ,92,Iraq,IRQ,IRQ,2616000
449,2017,99,Kenya,KEN,KEN,99,Kenya,KEN,KEN,159000
450,2017,107,Libya,LBY,LBY,107,Libya,LBY,LBY,197000
451,2017,109,Lebanon,LEB,LBN,109,Lebanon,LEB,LBN,11000
452,2017,112,Sri Lanka,LKA,LKA,112,Sri Lanka,LKA,LKA,42000
453,2017,120,North Macedonia,MCD,MKD,120,North Macedonia,MCD,MKD,140
454,2017,124,Mexico,MEX,MEX,124,Mexico,MEX,MEX,330000
455,2017,126,Mali,MLI,MLI,126,Mali,MLI,MLI,38000
456,2017,131,Mozambique,MOZ,MOZ,131,Mozambique,MOZ,MOZ,10000
457,2017,135,Myanmar,MYA,MMR,135,Myanmar,MYA,MMR,635000
458,2017,139,Niger,NGR,NER,139,Niger,NGR,NER,144000
459,2017,141,Nigeria,NIG,NGA,141,Nigeria,NIG,NGA,1702000
460,2017,147,Pakistan,PAK,PAK,147,Pakistan,PAK,PAK,249000
461,2017,150,Peru,PER,PER,150,Peru,PER,PER,59000
462,2017,151,Philippines,PHI,PHL,151,Philippines,PHI,PHL,445000
463,2017,153,Papua New Guinea,PNG,PNG,153,Papua New Guinea,PNG,PNG,12000
464,2017,160,Russian Federation,RUS,RUS,160,Russian Federation,RUS,RUS,19000
465,2017,165,Senegal,SEN,SEN,165,Senegal,SEN,SEN,22000
466,2017,172,Somalia,SOM,SOM,172,Somalia,SOM,SOM,825000
467,2017,164,Serbia and Kosovo: S/RES/1244 (1999),SRB,SRB,164,Serbia and Kosovo: S/RES/1244 (1999),SRB,SRB,16000
468,2017,179,South Sudan,SSD,SSD,179,South Sudan,SSD,SSD,1899000
469,2017,177,Sudan,SUD,SDN,177,Sudan,SUD,SDN,2072000
470,2017,185,Syrian Arab Rep.,SYR,SYR,185,Syrian Arab Rep.,SYR,SYR,6784000
471,2017,188,Thailand,THA,THA,188,Thailand,THA,THA,41000
472,2017,196,Türkiye,TUR,TUR,196,Türkiye,TUR,TUR,159000
473,2017,199,Uganda,UGA,UGA,199,Uganda,UGA,UGA,24000
474,2017,262,Unknown,UKN,UNK,262,Unknown,UKN,UNK,2
475,2017,200,Ukraine,UKR,UKR,200,Ukraine,UKR,UKR,800000
476,2017,211,Yemen,YEM,YEM,211,Yemen,YEM,YEM,2014000
477,2018,263,Abyei Area,AB9,AB9,263,Abyei Area,AB9,AB9,31000
478,2018,2,Afghanistan,AFG,AFG,2,Afghanistan,AFG,AFG,2598000
479,2018,8,Egypt,ARE,EGY,8,Egypt,ARE,EGY,3200
480,2018,13,Azerbaijan,AZE,AZE,13,Azerbaijan,AZE,AZE,644000
481,2018,16,Burundi,BDI,BDI,16,Burundi,BDI,BDI,32000
482,2018,18,Benin,BEN,BEN,18,Benin,BEN,BEN,3500
483,2018,20,Bangladesh,BGD,BGD,20,Bangladesh,BGD,BGD,426000
484,2018,23,Burkina Faso,BKF,BFA,23,Burkina Faso,BKF,BFA,47000
485,2018,29,Bosnia and Herzegovina,BSN,BIH,29,Bosnia and Herzegovina,BSN,BIH,99000
486,2018,34,Central African Rep.,CAR,CAF,34,Central African Rep.,CAR,CAF,641000
487,2018,36,Chad,CHD,TCD,36,Chad,CHD,TCD,90000
488,2018,39,Cameroon,CMR,CMR,39,Cameroon,CMR,CMR,668000
489,2018,40,Congo,COB,COG,40,Congo,COB,COG,107000
490,2018,41,Dem. Rep. of the Congo,COD,COD,41,Dem. Rep. of the Congo,COD,COD,3081000
491,2018,44,Colombia,COL,COL,44,Colombia,COL,COL,5761000
492,2018,48,Cyprus,CYP,CYP,48,Cyprus,CYP,CYP,228000
493,2018,58,Ethiopia,ETH,ETH,58,Ethiopia,ETH,ETH,2137000
494,2018,69,Palestinian,GAZ,PSE,69,State of Palestine,GAZ,PSE,238000
495,2018,71,Georgia,GEO,GEO,71,Georgia,GEO,GEO,278000
496,2018,73,Ghana,GHA,GHA,73,Ghana,GHA,GHA,5000
497,2018,78,Guatemala,GUA,GTM,78,Guatemala,GUA,GTM,242000
498,2018,83,Honduras,HON,HND,83,Honduras,HON,HND,190000
499,2018,87,Cote d'Ivoire,ICO,CIV,87,Cote d'Ivoire,ICO,CIV,302000
500,2018,88,India,IND,IND,88,India,IND,IND,479000
501,2018,89,Indonesia,INS,IDN,89,Indonesia,INS,IDN,13000
502,2018,92,Iraq,IRQ,IRQ,92,Iraq,IRQ,IRQ,1962000
503,2018,99,Kenya,KEN,KEN,99,Kenya,KEN,KEN,162000
504,2018,107,Libya,LBY,LBY,107,Libya,LBY,LBY,187000
505,2018,109,Lebanon,LEB,LBN,109,Lebanon,LEB,LBN,11000
506,2018,112,Sri Lanka,LKA,LKA,112,Sri Lanka,LKA,LKA,37000
507,2018,117,Madagascar,MAD,MDG,117,Madagascar,MAD,MDG,2000
508,2018,120,North Macedonia,MCD,MKD,120,North Macedonia,MCD,MKD,140
509,2018,124,Mexico,MEX,MEX,124,Mexico,MEX,MEX,341000
510,2018,126,Mali,MLI,MLI,126,Mali,MLI,MLI,120000
511,2018,131,Mozambique,MOZ,MOZ,131,Mozambique,MOZ,MOZ,14000
512,2018,135,Myanmar,MYA,MMR,135,Myanmar,MYA,MMR,401000
513,2018,139,Niger,NGR,NER,139,Niger,NGR,NER,156000
514,2018,141,Nigeria,NIG,NGA,141,Nigeria,NIG,NGA,2243000
515,2018,147,Pakistan,PAK,PAK,147,Pakistan,PAK,PAK,117000
516,2018,150,Peru,PER,PER,150,Peru,PER,PER,59000
517,2018,151,Philippines,PHI,PHL,151,Philippines,PHI,PHL,301000
518,2018,153,Papua New Guinea,PNG,PNG,153,Papua New Guinea,PNG,PNG,12000
519,2018,160,Russian Federation,RUS,RUS,160,Russian Federation,RUS,RUS,2300
520,2018,165,Senegal,SEN,SEN,165,Senegal,SEN,SEN,18000
521,2018,169,Sierra Leone,SLE,SLE,169,Sierra Leone,SLE,SLE,3000
522,2018,172,Somalia,SOM,SOM,172,Somalia,SOM,SOM,2648000
523,2018,164,Serbia and Kosovo: S/RES/1244 (1999),SRB,SRB,164,Serbia and Kosovo: S/RES/1244 (1999),SRB,SRB,16000
524,2018,179,South Sudan,SSD,SSD,179,South Sudan,SSD,SSD,1869000
525,2018,177,Sudan,SUD,SDN,177,Sudan,SUD,SDN,2072000
526,2018,185,Syrian Arab Rep.,SYR,SYR,185,Syrian Arab Rep.,SYR,SYR,6119000
527,2018,188,Thailand,THA,THA,188,Thailand,THA,THA,41000
528,2018,196,Türkiye,TUR,TUR,196,Türkiye,TUR,TUR,144000
529,2018,199,Uganda,UGA,UGA,199,Uganda,UGA,UGA,32000
530,2018,200,Ukraine,UKR,UKR,200,Ukraine,UKR,UKR,800000
531,2018,211,Yemen,YEM,YEM,211,Yemen,YEM,YEM,2324000
532,2019,263,Abyei Area,AB9,AB9,263,Abyei Area,AB9,AB9,31000
533,2019,2,Afghanistan,AFG,AFG,2,Afghanistan,AFG,AFG,2993000
534,2019,8,Egypt,ARE,EGY,8,Egypt,ARE,EGY,3200
535,2019,13,Azerbaijan,AZE,AZE,13,Azerbaijan,AZE,AZE,651000
536,2019,16,Burundi,BDI,BDI,16,Burundi,BDI,BDI,23000
537,2019,18,Benin,BEN,BEN,18,Benin,BEN,BEN,3500
538,2019,20,Bangladesh,BGD,BGD,20,Bangladesh,BGD,BGD,426000
539,2019,23,Burkina Faso,BKF,BFA,23,Burkina Faso,BKF,BFA,560000
540,2019,25,Bolivia (Plurinational State of),BOL,BOL,25,Bolivia (Plurinational State of),BOL,BOL,31
541,2019,29,Bosnia and Herzegovina,BSN,BIH,29,Bosnia and Herzegovina,BSN,BIH,99000
542,2019,34,Central African Rep.,CAR,CAF,34,Central African Rep.,CAR,CAF,592000
543,2019,36,Chad,CHD,TCD,36,Chad,CHD,TCD,176000
544,2019,39,Cameroon,CMR,CMR,39,Cameroon,CMR,CMR,969000
545,2019,40,Congo,COB,COG,40,Congo,COB,COG,134000
546,2019,41,Dem. Rep. of the Congo,COD,COD,41,Dem. Rep. of the Congo,COD,COD,5512000
547,2019,44,Colombia,COL,COL,44,Colombia,COL,COL,5576000
548,2019,48,Cyprus,CYP,CYP,48,Cyprus,CYP,CYP,228000
549,2019,58,Ethiopia,ETH,ETH,58,Ethiopia,ETH,ETH,1324000
550,2019,69,Palestinian,GAZ,PSE,69,State of Palestine,GAZ,PSE,243000
551,2019,71,Georgia,GEO,GEO,71,Georgia,GEO,GEO,286000
552,2019,78,Guatemala,GUA,GTM,78,Guatemala,GUA,GTM,242000
553,2019,81,Haiti,HAI,HTI,81,Haiti,HAI,HTI,2100
554,2019,83,Honduras,HON,HND,83,Honduras,HON,HND,247000
555,2019,87,Cote d'Ivoire,ICO,CIV,87,Cote d'Ivoire,ICO,CIV,302000
556,2019,88,India,IND,IND,88,India,IND,IND,470000
557,2019,89,Indonesia,INS,IDN,89,Indonesia,INS,IDN,29000
558,2019,92,Iraq,IRQ,IRQ,92,Iraq,IRQ,IRQ,1533000
559,2019,99,Kenya,KEN,KEN,99,Kenya,KEN,KEN,162000
560,2019,100,Kyrgyzstan,KGZ,KGZ,100,Kyrgyzstan,KGZ,KGZ,770
561,2019,107,Libya,LBY,LBY,107,Libya,LBY,LBY,411000
562,2019,109,Lebanon,LEB,LBN,109,Lebanon,LEB,LBN,7000
563,2019,112,Sri Lanka,LKA,LKA,112,Sri Lanka,LKA,LKA,26000
564,2019,120,North Macedonia,MCD,MKD,120,North Macedonia,MCD,MKD,140
565,2019,124,Mexico,MEX,MEX,124,Mexico,MEX,MEX,347000
566,2019,126,Mali,MLI,MLI,126,Mali,MLI,MLI,208000
567,2019,131,Mozambique,MOZ,MOZ,131,Mozambique,MOZ,MOZ,95000
568,2019,135,Myanmar,MYA,MMR,135,Myanmar,MYA,MMR,457000
569,2019,139,Niger,NGR,NER,139,Niger,NGR,NER,195000
570,2019,141,Nigeria,NIG,NGA,141,Nigeria,NIG,NGA,2583000
571,2019,147,Pakistan,PAK,PAK,147,Pakistan,PAK,PAK,101000
572,2019,150,Peru,PER,PER,150,Peru,PER,PER,60000
573,2019,151,Philippines,PHI,PHL,151,Philippines,PHI,PHL,180000
574,2019,153,Papua New Guinea,PNG,PNG,153,Papua New Guinea,PNG,PNG,14000
575,2019,160,Russian Federation,RUS,RUS,160,Russian Federation,RUS,RUS,1800
576,2019,165,Senegal,SEN,SEN,165,Senegal,SEN,SEN,8400
577,2019,169,Sierra Leone,SLE,SLE,169,Sierra Leone,SLE,SLE,5500
578,2019,172,Somalia,SOM,SOM,172,Somalia,SOM,SOM,2648000
579,2019,164,Serbia and Kosovo: S/RES/1244 (1999),SRB,SRB,164,Serbia and Kosovo: S/RES/1244 (1999),SRB,SRB,16000
580,2019,179,South Sudan,SSD,SSD,179,South Sudan,SSD,SSD,1352000
581,2019,177,Sudan,SUD,SDN,177,Sudan,SUD,SDN,2134000
582,2019,185,Syrian Arab Rep.,SYR,SYR,185,Syrian Arab Rep.,SYR,SYR,6495000
583,2019,188,Thailand,THA,THA,188,Thailand,THA,THA,41000
584,2019,196,Türkiye,TUR,TUR,196,Türkiye,TUR,TUR,2000
585,2019,199,Uganda,UGA,UGA,199,Uganda,UGA,UGA,32000
586,2019,200,Ukraine,UKR,UKR,200,Ukraine,UKR,UKR,730000
587,2019,211,Yemen,YEM,YEM,211,Yemen,YEM,YEM,3635000
588,2020,263,Abyei Area,AB9,AB9,263,Abyei Area,AB9,AB9,19000
589,2020,2,Afghanistan,AFG,AFG,2,Afghanistan,AFG,AFG,3547000
590,2020,8,Egypt,ARE,EGY,8,Egypt,ARE,EGY,3200
591,2020,10,Armenia,ARM,ARM,10,Armenia,ARM,ARM,800
592,2020,13,Azerbaijan,AZE,AZE,13,Azerbaijan,AZE,AZE,735000
593,2020,16,Burundi,BDI,BDI,16,Burundi,BDI,BDI,22000
594,2020,18,Benin,BEN,BEN,18,Benin,BEN,BEN,3500
595,2020,20,Bangladesh,BGD,BGD,20,Bangladesh,BGD,BGD,426000
596,2020,23,Burkina Faso,BKF,BFA,23,Burkina Faso,BKF,BFA,1075000
597,2020,29,Bosnia and Herzegovina,BSN,BIH,29,Bosnia and Herzegovina,BSN,BIH,99000
598,2020,34,Central African Rep.,CAR,CAF,34,Central African Rep.,CAR,CAF,682000
599,2020,36,Chad,CHD,TCD,36,Chad,CHD,TCD,342000
600,2020,39,Cameroon,CMR,CMR,39,Cameroon,CMR,CMR,1003000
601,2020,40,Congo,COB,COG,40,Congo,COB,COG,134000
602,2020,41,Dem. Rep. of the Congo,COD,COD,41,Dem. Rep. of the Congo,COD,COD,5268000
603,2020,44,Colombia,COL,COL,44,Colombia,COL,COL,4922000
604,2020,48,Cyprus,CYP,CYP,48,Cyprus,CYP,CYP,228000
605,2020,58,Ethiopia,ETH,ETH,58,Ethiopia,ETH,ETH,2060000
606,2020,62,New Caledonia,FNC,NCL,62,New Caledonia,FNC,NCL,140
607,2020,69,Palestinian,GAZ,PSE,69,State of Palestine,GAZ,PSE,131000
608,2020,71,Georgia,GEO,GEO,71,Georgia,GEO,GEO,289000
609,2020,78,Guatemala,GUA,GTM,78,Guatemala,GUA,GTM,242000
610,2020,81,Haiti,HAI,HTI,81,Haiti,HAI,HTI,7900
611,2020,83,Honduras,HON,HND,83,Honduras,HON,HND,247000
612,2020,87,Cote d'Ivoire,ICO,CIV,87,Cote d'Ivoire,ICO,CIV,308000
613,2020,88,India,IND,IND,88,India,IND,IND,473000
614,2020,89,Indonesia,INS,IDN,89,Indonesia,INS,IDN,65000
615,2020,92,Iraq,IRQ,IRQ,92,Iraq,IRQ,IRQ,1224000
616,2020,99,Kenya,KEN,KEN,99,Kenya,KEN,KEN,190000
617,2020,100,Kyrgyzstan,KGZ,KGZ,100,Kyrgyzstan,KGZ,KGZ,770
618,2020,107,Libya,LBY,LBY,107,Libya,LBY,LBY,278000
619,2020,109,Lebanon,LEB,LBN,109,Lebanon,LEB,LBN,7000
620,2020,112,Sri Lanka,LKA,LKA,112,Sri Lanka,LKA,LKA,26000
621,2020,120,North Macedonia,MCD,MKD,120,North Macedonia,MCD,MKD,140
622,2020,124,Mexico,MEX,MEX,124,Mexico,MEX,MEX,357000
623,2020,126,Mali,MLI,MLI,126,Mali,MLI,MLI,326000
624,2020,131,Mozambique,MOZ,MOZ,131,Mozambique,MOZ,MOZ,676000
625,2020,135,Myanmar,MYA,MMR,135,Myanmar,MYA,MMR,505000
626,2020,139,Niger,NGR,NER,139,Niger,NGR,NER,257000
627,2020,140,Nicaragua,NIC,NIC,140,Nicaragua,NIC,NIC,77
628,2020,141,Nigeria,NIG,NGA,141,Nigeria,NIG,NGA,2730000
629,2020,147,Pakistan,PAK,PAK,147,Pakistan,PAK,PAK,98000
630,2020,150,Peru,PER,PER,150,Peru,PER,PER,60000
631,2020,151,Philippines,PHI,PHL,151,Philippines,PHI,PHL,153000
632,2020,153,Papua New Guinea,PNG,PNG,153,Papua New Guinea,PNG,PNG,13000
633,2020,160,Russian Federation,RUS,RUS,160,Russian Federation,RUS,RUS,1100
634,2020,165,Senegal,SEN,SEN,165,Senegal,SEN,SEN,8400
635,2020,169,Sierra Leone,SLE,SLE,169,Sierra Leone,SLE,SLE,2500
636,2020,172,Somalia,SOM,SOM,172,Somalia,SOM,SOM,2968000
637,2020,164,Serbia and Kosovo: S/RES/1244 (1999),SRB,SRB,164,Serbia and Kosovo: S/RES/1244 (1999),SRB,SRB,213000
638,2020,179,South Sudan,SSD,SSD,179,South Sudan,SSD,SSD,1436000
639,2020,177,Sudan,SUD,SDN,177,Sudan,SUD,SDN,2276000
640,2020,185,Syrian Arab Rep.,SYR,SYR,185,Syrian Arab Rep.,SYR,SYR,6568000
641,2020,199,Uganda,UGA,UGA,199,Uganda,UGA,UGA,1000
642,2020,200,Ukraine,UKR,UKR,200,Ukraine,UKR,UKR,734000
643,2020,211,Yemen,YEM,YEM,211,Yemen,YEM,YEM,3635000
644,2021,263,Abyei Area,AB9,AB9,263,Abyei Area,AB9,AB9,15000
645,2021,2,Afghanistan,AFG,AFG,2,Afghanistan,AFG,AFG,4314000
646,2021,10,Armenia,ARM,ARM,10,Armenia,ARM,ARM,800
647,2021,13,Azerbaijan,AZE,AZE,13,Azerbaijan,AZE,AZE,655000
648,2021,16,Burundi,BDI,BDI,16,Burundi,BDI,BDI,19000
649,2021,18,Benin,BEN,BEN,18,Benin,BEN,BEN,2700
650,2021,20,Bangladesh,BGD,BGD,20,Bangladesh,BGD,BGD,426000
651,2021,23,Burkina Faso,BKF,BFA,23,Burkina Faso,BKF,BFA,1580000
652,2021,27,Brazil,BRA,BRA,27,Brazil,BRA,BRA,21000
653,2021,29,Bosnia and Herzegovina,BSN,BIH,29,Bosnia and Herzegovina,BSN,BIH,92000
654,2021,34,Central African Rep.,CAR,CAF,34,Central African Rep.,CAR,CAF,692000
655,2021,36,Chad,CHD,TCD,36,Chad,CHD,TCD,397000
656,2021,39,Cameroon,CMR,CMR,39,Cameroon,CMR,CMR,909000
657,2021,40,Congo,COB,COG,40,Congo,COB,COG,134000
658,2021,41,Dem. Rep. of the Congo,COD,COD,41,Dem. Rep. of the Congo,COD,COD,5339000
659,2021,44,Colombia,COL,COL,44,Colombia,COL,COL,5235000
660,2021,48,Cyprus,CYP,CYP,48,Cyprus,CYP,CYP,242000
661,2021,58,Ethiopia,ETH,ETH,58,Ethiopia,ETH,ETH,3589000
662,2021,62,New Caledonia,FNC,NCL,62,New Caledonia,FNC,NCL,150
663,2021,69,Palestinian,GAZ,PSE,69,State of Palestine,GAZ,PSE,12000
664,2021,71,Georgia,GEO,GEO,71,Georgia,GEO,GEO,290000
665,2021,78,Guatemala,GUA,GTM,78,Guatemala,GUA,GTM,242000
666,2021,81,Haiti,HAI,HTI,81,Haiti,HAI,HTI,17000
667,2021,83,Honduras,HON,HND,83,Honduras,HON,HND,247000
668,2021,87,Cote d'Ivoire,ICO,CIV,87,Cote d'Ivoire,ICO,CIV,302000
669,2021,88,India,IND,IND,88,India,IND,IND,506000
670,2021,89,Indonesia,INS,IDN,89,Indonesia,INS,IDN,99000
671,2021,92,Iraq,IRQ,IRQ,92,Iraq,IRQ,IRQ,1187000
672,2021,99,Kenya,KEN,KEN,99,Kenya,KEN,KEN,190000
673,2021,107,Libya,LBY,LBY,107,Libya,LBY,LBY,160000
674,2021,109,Lebanon,LEB,LBN,109,Lebanon,LEB,LBN,50
675,2021,112,Sri Lanka,LKA,LKA,112,Sri Lanka,LKA,LKA,11000
676,2021,117,Madagascar,MAD,MDG,117,Madagascar,MAD,MDG,1300
677,2021,120,North Macedonia,MCD,MKD,120,North Macedonia,MCD,MKD,110
678,2021,124,Mexico,MEX,MEX,124,Mexico,MEX,MEX,379000
679,2021,126,Mali,MLI,MLI,126,Mali,MLI,MLI,326000
680,2021,131,Mozambique,MOZ,MOZ,131,Mozambique,MOZ,MOZ,735000
681,2021,135,Myanmar,MYA,MMR,135,Myanmar,MYA,MMR,649000
682,2021,139,Niger,NGR,NER,139,Niger,NGR,NER,224000
683,2021,140,Nicaragua,NIC,NIC,140,Nicaragua,NIC,NIC,1100
684,2021,141,Nigeria,NIG,NGA,141,Nigeria,NIG,NGA,3228000
685,2021,147,Pakistan,PAK,PAK,147,Pakistan,PAK,PAK,104000
686,2021,150,Peru,PER,PER,150,Peru,PER,PER,60000
687,2021,151,Philippines,PHI,PHL,151,Philippines,PHI,PHL,108000
688,2021,160,Russian Federation,RUS,RUS,160,Russian Federation,RUS,RUS,470
689,2021,165,Senegal,SEN,SEN,165,Senegal,SEN,SEN,8400
690,2021,169,Sierra Leone,SLE,SLE,169,Sierra Leone,SLE,SLE,2500
691,2021,171,Solomon Islands,SOL,SLB,171,Solomon Islands,SOL,SLB,1000
692,2021,172,Somalia,SOM,SOM,172,Somalia,SOM,SOM,2968000
693,2021,164,Serbia and Kosovo: S/RES/1244 (1999),SRB,SRB,164,Serbia and Kosovo: S/RES/1244 (1999),SRB,SRB,16000
694,2021,179,South Sudan,SSD,SSD,179,South Sudan,SSD,SSD,1369000
695,2021,177,Sudan,SUD,SDN,177,Sudan,SUD,SDN,3175000
696,2021,185,Syrian Arab Rep.,SYR,SYR,185,Syrian Arab Rep.,SYR,SYR,6662000
697,2021,188,Thailand,THA,THA,188,Thailand,THA,THA,520
698,2021,199,Uganda,UGA,UGA,199,Uganda,UGA,UGA,1600
699,2021,262,Unknown,UKN,UNK,262,Unknown,UKN,UNK,8
700,2021,200,Ukraine,UKR,UKR,200,Ukraine,UKR,UKR,854000
701,2021,211,Yemen,YEM,YEM,211,Yemen,YEM,YEM,4289000
702,2022,263,Abyei Area,AB9,AB9,263,Abyei Area,AB9,AB9,56000
703,2022,2,Afghanistan,AFG,AFG,2,Afghanistan,AFG,AFG,4513000
704,2022,10,Armenia,ARM,ARM,10,Armenia,ARM,ARM,7600
705,2022,13,Azerbaijan,AZE,AZE,13,Azerbaijan,AZE,AZE,659000
706,2022,16,Burundi,BDI,BDI,16,Burundi,BDI,BDI,8500
707,2022,18,Benin,BEN,BEN,18,Benin,BEN,BEN,1200
708,2022,20,Bangladesh,BGD,BGD,20,Bangladesh,BGD,BGD,426000
709,2022,23,Burkina Faso,BKF,BFA,23,Burkina Faso,BKF,BFA,1882000
710,2022,27,Brazil,BRA,BRA,27,Brazil,BRA,BRA,5600
711,2022,29,Bosnia and Herzegovina,BSN,BIH,29,Bosnia and Herzegovina,BSN,BIH,91000
712,2022,34,Central African Rep.,CAR,CAF,34,Central African Rep.,CAR,CAF,516000
713,2022,36,Chad,CHD,TCD,36,Chad,CHD,TCD,300000
714,2022,39,Cameroon,CMR,CMR,39,Cameroon,CMR,CMR,987000
715,2022,40,Congo,COB,COG,40,Congo,COB,COG,27000
716,2022,41,Dem. Rep. of the Congo,COD,COD,41,Dem. Rep. of the Congo,COD,COD,5686000
717,2022,44,Colombia,COL,COL,44,Colombia,COL,COL,4766000
718,2022,48,Cyprus,CYP,CYP,48,Cyprus,CYP,CYP,246000
719,2022,58,Ethiopia,ETH,ETH,58,Ethiopia,ETH,ETH,3852000
720,2022,62,New Caledonia,FNC,NCL,62,New Caledonia,FNC,NCL,150
721,2022,68,Gambia,GAM,GMB,68,Gambia,GAM,GMB,5600
722,2022,69,Palestinian,GAZ,PSE,69,State of Palestine,GAZ,PSE,12000
723,2022,71,Georgia,GEO,GEO,71,Georgia,GEO,GEO,293000
724,2022,78,Guatemala,GUA,GTM,78,Guatemala,GUA,GTM,242000
725,2022,81,Haiti,HAI,HTI,81,Haiti,HAI,HTI,171000
726,2022,83,Honduras,HON,HND,83,Honduras,HON,HND,247000
727,2022,87,Cote d'Ivoire,ICO,CIV,87,Cote d'Ivoire,ICO,CIV,302000
728,2022,88,India,IND,IND,88,India,IND,IND,498000
729,2022,89,Indonesia,INS,IDN,89,Indonesia,INS,IDN,33000
730,2022,92,Iraq,IRQ,IRQ,92,Iraq,IRQ,IRQ,1169000
731,2022,98,Kazakhstan,KAZ,KAZ,98,Kazakhstan,KAZ,KAZ,120
732,2022,99,Kenya,KEN,KEN,99,Kenya,KEN,KEN,30000
733,2022,100,Kyrgyzstan,KGZ,KGZ,100,Kyrgyzstan,KGZ,KGZ,4000
734,2022,107,Libya,LBY,LBY,107,Libya,LBY,LBY,135000
735,2022,112,Sri Lanka,LKA,LKA,112,Sri Lanka,LKA,LKA,11000
736,2022,120,North Macedonia,MCD,MKD,120,North Macedonia,MCD,MKD,110
737,2022,124,Mexico,MEX,MEX,124,Mexico,MEX,MEX,386000
738,2022,126,Mali,MLI,MLI,126,Mali,MLI,MLI,380000
739,2022,131,Mozambique,MOZ,MOZ,131,Mozambique,MOZ,MOZ,1030000
740,2022,135,Myanmar,MYA,MMR,135,Myanmar,MYA,MMR,1498000
741,2022,139,Niger,NGR,NER,139,Niger,NGR,NER,372000
742,2022,140,Nicaragua,NIC,NIC,140,Nicaragua,NIC,NIC,1100
743,2022,141,Nigeria,NIG,NGA,141,Nigeria,NIG,NGA,3646000
744,2022,147,Pakistan,PAK,PAK,147,Pakistan,PAK,PAK,16000
745,2022,150,Peru,PER,PER,150,Peru,PER,PER,73000
746,2022,151,Philippines,PHI,PHL,151,Philippines,PHI,PHL,98000
747,2022,153,Papua New Guinea,PNG,PNG,153,Papua New Guinea,PNG,PNG,83000
748,2022,160,Russian Federation,RUS,RUS,160,Russian Federation,RUS,RUS,7200
749,2022,162,El Salvador,SAL,SLV,162,El Salvador,SAL,SLV,52000
750,2022,165,Senegal,SEN,SEN,165,Senegal,SEN,SEN,8400
751,2022,171,Solomon Islands,SOL,SLB,171,Solomon Islands,SOL,SLB,1000
752,2022,172,Somalia,SOM,SOM,172,Somalia,SOM,SOM,3864000
753,2022,164,Serbia and Kosovo: S/RES/1244 (1999),SRB,SRB,164,Serbia and Kosovo: S/RES/1244 (1999),SRB,SRB,211000
754,2022,179,South Sudan,SSD,SSD,179,South Sudan,SSD,SSD,1475000
755,2022,177,Sudan,SUD,SDN,177,Sudan,SUD,SDN,3553000
756,2022,185,Syrian Arab Rep.,SYR,SYR,185,Syrian Arab Rep.,SYR,SYR,6865000
757,2022,192,Togo,TOG,TGO,192,Togo,TOG,TGO,2300
758,2022,199,Uganda,UGA,UGA,199,Uganda,UGA,UGA,4500
759,2022,262,Unknown,UKN,UNK,262,Unknown,UKN,UNK,8
760,2022,200,Ukraine,UKR,UKR,200,Ukraine,UKR,UKR,5914000
761,2022,211,Yemen,YEM,YEM,211,Yemen,YEM,YEM,4523000
762,2023,263,Abyei Area,AB9,AB9,263,Abyei Area,AB9,AB9,42000
763,2023,2,Afghanistan,AFG,AFG,2,Afghanistan,AFG,AFG,4187000
764,2023,10,Armenia,ARM,ARM,10,Armenia,ARM,ARM,7600
765,2023,13,Azerbaijan,AZE,AZE,13,Azerbaijan,AZE,AZE,658000
766,2023,16,Burundi,BDI,BDI,16,Burundi,BDI,BDI,8100
767,2023,18,Benin,BEN,BEN,18,Benin,BEN,BEN,8800
768,2023,20,Bangladesh,BGD,BGD,20,Bangladesh,BGD,BGD,426000
769,2023,23,Burkina Faso,BKF,BFA,23,Burkina Faso,BKF,BFA,2063000
770,2023,27,Brazil,BRA,BRA,27,Brazil,BRA,BRA,16000
771,2023,29,Bosnia and Herzegovina,BSN,BIH,29,Bosnia and Herzegovina,BSN,BIH,95000
772,2023,34,Central African Rep.,CAR,CAF,34,Central African Rep.,CAR,CAF,512000
773,2023,36,Chad,CHD,TCD,36,Chad,CHD,TCD,452000
774,2023,39,Cameroon,CMR,CMR,39,Cameroon,CMR,CMR,1044000
775,2023,41,Dem. Rep. of the Congo,COD,COD,41,Dem. Rep. of the Congo,COD,COD,6737000
776,2023,44,Colombia,COL,COL,44,Colombia,COL,COL,5077000
777,2023,48,Cyprus,CYP,CYP,48,Cyprus,CYP,CYP,248000
778,2023,58,Ethiopia,ETH,ETH,58,Ethiopia,ETH,ETH,2852000
779,2023,62,New Caledonia,FNC,NCL,62,New Caledonia,FNC,NCL,150
780,2023,68,Gambia,GAM,GMB,68,Gambia,GAM,GMB,5700
781,2023,69,Palestinian,GAZ,PSE,69,State of Palestine,GAZ,PSE,1707000
782,2023,71,Georgia,GEO,GEO,71,Georgia,GEO,GEO,296000
783,2023,73,Ghana,GHA,GHA,73,Ghana,GHA,GHA,3800
784,2023,78,Guatemala,GUA,GTM,78,Guatemala,GUA,GTM,573000
785,2023,81,Haiti,HAI,HTI,81,Haiti,HAI,HTI,311000
786,2023,83,Honduras,HON,HND,83,Honduras,HON,HND,101000
787,2023,88,India,IND,IND,88,India,IND,IND,517000
788,2023,89,Indonesia,INS,IDN,89,Indonesia,INS,IDN,48000
789,2023,92,Iraq,IRQ,IRQ,92,Iraq,IRQ,IRQ,1124000
790,2023,93,Israel,ISR,ISR,93,Israel,ISR,ISR,200000
791,2023,99,Kenya,KEN,KEN,99,Kenya,KEN,KEN,38000
792,2023,107,Libya,LBY,LBY,107,Libya,LBY,LBY,119000
793,2023,109,Lebanon,LEB,LBN,109,Lebanon,LEB,LBN,74000
794,2023,112,Sri Lanka,LKA,LKA,112,Sri Lanka,LKA,LKA,11000
795,2023,120,North Macedonia,MCD,MKD,120,North Macedonia,MCD,MKD,110
796,2023,124,Mexico,MEX,MEX,124,Mexico,MEX,MEX,390000
797,2023,126,Mali,MLI,MLI,126,Mali,MLI,MLI,344000
798,2023,131,Mozambique,MOZ,MOZ,131,Mozambique,MOZ,MOZ,592000
799,2023,135,Myanmar,MYA,MMR,135,Myanmar,MYA,MMR,2625000
800,2023,139,Niger,NGR,NER,139,Niger,NGR,NER,347000
801,2023,140,Nicaragua,NIC,NIC,140,Nicaragua,NIC,NIC,1300
802,2023,141,Nigeria,NIG,NGA,141,Nigeria,NIG,NGA,3340000
803,2023,147,Pakistan,PAK,PAK,147,Pakistan,PAK,PAK,21000
804,2023,150,Peru,PER,PER,150,Peru,PER,PER,75000
805,2023,151,Philippines,PHI,PHL,151,Philippines,PHI,PHL,110000
806,2023,153,Papua New Guinea,PNG,PNG,153,Papua New Guinea,PNG,PNG,84000
807,2023,159,South Africa,RSA,ZAF,159,South Africa,RSA,ZAF,620
808,2023,160,Russian Federation,RUS,RUS,160,Russian Federation,RUS,RUS,60000
809,2023,162,El Salvador,SAL,SLV,162,El Salvador,SAL,SLV,49000
810,2023,165,Senegal,SEN,SEN,165,Senegal,SEN,SEN,8400
811,2023,171,Solomon Islands,SOL,SLB,171,Solomon Islands,SOL,SLB,1000
812,2023,172,Somalia,SOM,SOM,172,Somalia,SOM,SOM,3862000
813,2023,164,Serbia and Kosovo: S/RES/1244 (1999),SRB,SRB,164,Serbia and Kosovo: S/RES/1244 (1999),SRB,SRB,210000
814,2023,179,South Sudan,SSD,SSD,179,South Sudan,SSD,SSD,1121000
815,2023,177,Sudan,SUD,SDN,177,Sudan,SUD,SDN,9053000
816,2023,185,Syrian Arab Rep.,SYR,SYR,185,Syrian Arab Rep.,SYR,SYR,7248000
817,2023,192,Togo,TOG,TGO,192,Togo,TOG,TGO,18000
818,2023,199,Uganda,UGA,UGA,199,Uganda,UGA,UGA,4800
819,2023,200,Ukraine,UKR,UKR,200,Ukraine,UKR,UKR,3689000
820,2023,211,Yemen,YEM,YEM,211,Yemen,YEM,YEM,4516000
821,2024,263,Abyei Area,AB9,AB9,263,Abyei Area,AB9,AB9,42000
822,2024,2,Afghanistan,AFG,AFG,2,Afghanistan,AFG,AFG,4187000
823,2024,13,Azerbaijan,AZE,AZE,13,Azerbaijan,AZE,AZE,658000
824,2024,16,Burundi,BDI,BDI,16,Burundi,BDI,BDI,6900
825,2024,18,Benin,BEN,BEN,18,Benin,BEN,BEN,12000
826,2024,20,Bangladesh,BGD,BGD,20,Bangladesh,BGD,BGD,585000
827,2024,23,Burkina Faso,BKF,BFA,23,Burkina Faso,BKF,BFA,2063000
828,2024,27,Brazil,BRA,BRA,27,Brazil,BRA,BRA,19000
829,2024,29,Bosnia and Herzegovina,BSN,BIH,29,Bosnia and Herzegovina,BSN,BIH,95000
830,2024,34,Central African Rep.,CAR,CAF,34,Central African Rep.,CAR,CAF,469000
831,2024,36,Chad,CHD,TCD,36,Chad,CHD,TCD,383000
832,2024,39,Cameroon,CMR,CMR,39,Cameroon,CMR,CMR,1029000
833,2024,41,Dem. Rep. of the Congo,COD,COD,41,Dem. Rep. of the Congo,COD,COD,6215000
834,2024,42,Comoros,COI,COM,42,Comoros,COI,COM,11
835,2024,44,Colombia,COL,COL,44,Colombia,COL,COL,7265000
836,2024,48,Cyprus,CYP,CYP,48,Cyprus,CYP,CYP,245000
837,2024,54,Ecuador,ECU,ECU,54,Ecuador,ECU,ECU,49000
838,2024,58,Ethiopia,ETH,ETH,58,Ethiopia,ETH,ETH,2378000
839,2024,69,Palestinian,GAZ,PSE,69,State of Palestine,GAZ,PSE,2032000
840,2024,71,Georgia,GEO,GEO,71,Georgia,GEO,GEO,299000
841,2024,73,Ghana,GHA,GHA,73,Ghana,GHA,GHA,3200
842,2024,78,Guatemala,GUA,GTM,78,Guatemala,GUA,GTM,573000
843,2024,81,Haiti,HAI,HTI,81,Haiti,HAI,HTI,1037000
844,2024,83,Honduras,HON,HND,83,Honduras,HON,HND,101000
845,2024,88,India,IND,IND,88,India,IND,IND,525000
846,2024,89,Indonesia,INS,IDN,89,Indonesia,INS,IDN,57000
847,2024,92,Iraq,IRQ,IRQ,92,Iraq,IRQ,IRQ,1031000
848,2024,93,Israel,ISR,ISR,93,Israel,ISR,ISR,68000
849,2024,99,Kenya,KEN,KEN,99,Kenya,KEN,KEN,100000
850,2024,107,Libya,LBY,LBY,107,Libya,LBY,LBY,107000
851,2024,109,Lebanon,LEB,LBN,109,Lebanon,LEB,LBN,985000
852,2024,112,Sri Lanka,LKA,LKA,112,Sri Lanka,LKA,LKA,4800
853,2024,117,Madagascar,MAD,MDG,117,Madagascar,MAD,MDG,180
854,2024,124,Mexico,MEX,MEX,124,Mexico,MEX,MEX,390000
855,2024,126,Mali,MLI,MLI,126,Mali,MLI,MLI,346000
856,2024,128,Malawi,MLW,MWI,128,Malawi,MLW,MWI,880
857,2024,131,Mozambique,MOZ,MOZ,131,Mozambique,MOZ,MOZ,580000
858,2024,135,Myanmar,MYA,MMR,135,Myanmar,MYA,MMR,3521000
859,2024,139,Niger,NGR,NER,139,Niger,NGR,NER,379000
860,2024,141,Nigeria,NIG,NGA,141,Nigeria,NIG,NGA,3472000
861,2024,147,Pakistan,PAK,PAK,147,Pakistan,PAK,PAK,22000
862,2024,150,Peru,PER,PER,150,Peru,PER,PER,78000
863,2024,151,Philippines,PHI,PHL,151,Philippines,PHI,PHL,123000
864,2024,153,Papua New Guinea,PNG,PNG,153,Papua New Guinea,PNG,PNG,84000
865,2024,159,South Africa,RSA,ZAF,159,South Africa,RSA,ZAF,29
866,2024,160,Russian Federation,RUS,RUS,160,Russian Federation,RUS,RUS,171000
867,2024,162,El Salvador,SAL,SLV,162,El Salvador,SAL,SLV,35000
868,2024,165,Senegal,SEN,SEN,165,Senegal,SEN,SEN,5900
869,2024,171,Solomon Islands,SOL,SLB,171,Solomon Islands,SOL,SLB,11
870,2024,172,Somalia,SOM,SOM,172,Somalia,SOM,SOM,3136000
871,2024,164,Serbia and Kosovo: S/RES/1244 (1999),SRB,SRB,164,Serbia and Kosovo: S/RES/1244 (1999),SRB,SRB,210000
872,2024,179,South Sudan,SSD,SSD,179,South Sudan,SSD,SSD,945000
873,2024,177,Sudan,SUD,SDN,177,Sudan,SUD,SDN,11560000
874,2024,185,Syrian Arab Rep.,SYR,SYR,185,Syrian Arab Rep.,SYR,SYR,7409000
875,2024,192,Togo,TOG,TGO,192,Togo,TOG,TGO,18000
876,2024,199,Uganda,UGA,UGA,199,Uganda,UGA,UGA,1700
877,2024,200,Ukraine,UKR,UKR,200,Ukraine,UKR,UKR,3665000
878,2024,211,Yemen,YEM,YEM,211,Yemen,YEM,YEM,4796000
879,2024,213,Zambia,ZAM,ZMB,213,Zambia,ZAM,ZMB,190
880,2024,214,Zimbabwe,ZIM,ZWE,214,Zimbabwe,ZIM,ZWE,400
881,2025,263,Abyei Area,AB9,AB9,263,Abyei Area,AB9,AB9,58000
882,2025,2,Afghanistan,AFG,AFG,2,Afghanistan,AFG,AFG,4355000
883,2025,13,Azerbaijan,AZE,AZE,13,Azerbaijan,AZE,AZE,657000
884,2025,16,Burundi,BDI,BDI,16,Burundi,BDI,BDI,6800
885,2025,18,Benin,BEN,BEN,18,Benin,BEN,BEN,26000
886,2025,20,Bangladesh,BGD,BGD,20,Bangladesh,BGD,BGD,583000
887,2025,23,Burkina Faso,BKF,BFA,23,Burkina Faso,BKF,BFA,2063000
888,2025,27,Brazil,BRA,BRA,27,Brazil,BRA,BRA,19000
889,2025,29,Bosnia and Herzegovina,BSN,BIH,29,Bosnia and Herzegovina,BSN,BIH,95000
890,2025,32,Cambodia,CAM,KHM,32,Cambodia,CAM,KHM,518000
891,2025,34,Central African Rep.,CAR,CAF,34,Central African Rep.,CAR,CAF,427000
892,2025,36,Chad,CHD,TCD,36,Chad,CHD,TCD,593000
893,2025,39,Cameroon,CMR,CMR,39,Cameroon,CMR,CMR,954000
894,2025,41,Dem. Rep. of the Congo,COD,COD,41,Dem. Rep. of the Congo,COD,COD,4276000
895,2025,44,Colombia,COL,COL,44,Colombia,COL,COL,7211000
896,2025,48,Cyprus,CYP,CYP,48,Cyprus,CYP,CYP,247000
897,2025,54,Ecuador,ECU,ECU,54,Ecuador,ECU,ECU,316000
898,2025,58,Ethiopia,ETH,ETH,58,Ethiopia,ETH,ETH,2378000
899,2025,69,Palestinian,GAZ,PSE,69,State of Palestine,GAZ,PSE,2035000
900,2025,71,Georgia,GEO,GEO,71,Georgia,GEO,GEO,301000
901,2025,73,Ghana,GHA,GHA,73,Ghana,GHA,GHA,3900
902,2025,78,Guatemala,GUA,GTM,78,Guatemala,GUA,GTM,573000
903,2025,81,Haiti,HAI,HTI,81,Haiti,HAI,HTI,1431000
904,2025,83,Honduras,HON,HND,83,Honduras,HON,HND,101000
905,2025,88,India,IND,IND,88,India,IND,IND,530000
906,2025,89,Indonesia,INS,IDN,89,Indonesia,INS,IDN,36000
907,2025,92,Iraq,IRQ,IRQ,92,Iraq,IRQ,IRQ,997000
908,2025,93,Israel,ISR,ISR,93,Israel,ISR,ISR,31000
909,2025,99,Kenya,KEN,KEN,99,Kenya,KEN,KEN,10000
910,2025,107,Libya,LBY,LBY,107,Libya,LBY,LBY,85000
911,2025,109,Lebanon,LEB,LBN,109,Lebanon,LEB,LBN,64000
912,2025,112,Sri Lanka,LKA,LKA,112,Sri Lanka,LKA,LKA,4800
913,2025,124,Mexico,MEX,MEX,124,Mexico,MEX,MEX,390000
914,2025,126,Mali,MLI,MLI,126,Mali,MLI,MLI,409000
915,2025,131,Mozambique,MOZ,MOZ,131,Mozambique,MOZ,MOZ,465000
916,2025,135,Myanmar,MYA,MMR,135,Myanmar,MYA,MMR,3639000
917,2025,139,Niger,NGR,NER,139,Niger,NGR,NER,392000
918,2025,141,Nigeria,NIG,NGA,141,Nigeria,NIG,NGA,3496000
919,2025,147,Pakistan,PAK,PAK,147,Pakistan,PAK,PAK,269000
920,2025,150,Peru,PER,PER,150,Peru,PER,PER,82000
921,2025,151,Philippines,PHI,PHL,151,Philippines,PHI,PHL,28000
922,2025,153,Papua New Guinea,PNG,PNG,153,Papua New Guinea,PNG,PNG,70000
923,2025,160,Russian Federation,RUS,RUS,160,Russian Federation,RUS,RUS,580
924,2025,162,El Salvador,SAL,SLV,162,El Salvador,SAL,SLV,61000
925,2025,172,Somalia,SOM,SOM,172,Somalia,SOM,SOM,3347000
926,2025,164,Serbia and Kosovo: S/RES/1244 (1999),SRB,SRB,164,Serbia and Kosovo: S/RES/1244 (1999),SRB,SRB,210000
927,2025,179,South Sudan,SSD,SSD,179,South Sudan,SSD,SSD,945000
928,2025,177,Sudan,SUD,SDN,177,Sudan,SUD,SDN,9117000
929,2025,185,Syrian Arab Rep.,SYR,SYR,185,Syrian Arab Rep.,SYR,SYR,5964000
930,2025,188,Thailand,THA,THA,188,Thailand,THA,THA,273000
931,2025,199,Uganda,UGA,UGA,199,Uganda,UGA,UGA,2000
932,2025,200,Ukraine,UKR,UKR,200,Ukraine,UKR,UKR,3712000
933,2025,211,Yemen,YEM,YEM,211,Yemen,YEM,YEM,4796000
