column,dtype,missing_n,missing_pct,n_unique
idmc_total_origin_lag1,float64,55278,64.10232622863373,500
acceleration,float64,29220,33.88454669851799,5156
two_consecutive_increases,object,29220,33.88454669851799,2
historical_ratio,float64,29220,33.88454669851799,26685
applied_mean_3y,float64,29220,33.88454669851799,7252
applied_lag2,float64,24406,28.302061831760096,4228
growth_past_1,float64,19277,22.35429181065473,23523
absolute_change_past_1,float64,19277,22.35429181065473,4414
applied_t1,float64,19277,22.35429181065473,4535
applied_lag1,float64,19277,22.35429181065473,4429
coo_id,string,0,0.0,215
applied,int64,0,0.0,4622
asylum_region,string,0,0.0,22
origin_region,string,0,0.0,25
origin_applied_total_t,int64,0,0.0,2726
asylum_applied_total_t,int64,0,0.0,2339
segment_share_origin_t,float64,0,0.0,57447
segment_share_asylum_t,float64,0,0.0,54115
coa_id,string,0,0.0,186
year,int32,0,0.0,26
