variable,dtype,missing_n,missing_pct,n_unique
rejection_rate_lag1,float64,120597,100.0,0
protection_rate_lag1,float64,120597,100.0,0
decisions_total_lag1,float64,120597,100.0,0
idmc_total_origin_lag1,float64,74114,61.46,500
applied_mean_3y,float64,59767,49.56,6611
growth_past_2,float64,59767,49.56,21435
applied_lag2,float64,52202,43.29,3814
growth_past_1,float64,40565,33.64,24684
applied_lag1,float64,40565,33.64,4135
applied_t1,float64,40565,33.64,4224
applied,int64,0,0.0,4544
app_pc,string,0,0.0,2
coo_id,string,0,0.0,215
dec_level,string,0,0.0,10
app_type,string,0,0.0,10
origin_applied_total_t,int64,0,0.0,2726
asylum_applied_total_t,int64,0,0.0,2339
segment_share_origin_t,float64,0,0.0,72081
segment_share_asylum_t,float64,0,0.0,64795
procedure_type,string,0,0.0,3
asylum_region,string,0,0.0,22
origin_region,string,0,0.0,25
coa_id,string,0,0.0,186
year,int64,0,0.0,26
