year,coo_id,coo_name,coo,coo_iso,coa_id,coa_name,coa,coa_iso,total
1952,69,Palestinian,GAZ,PSE,109,Lebanon,LEB,LBN,103137
1952,69,Palestinian,GAZ,PSE,185,Syrian Arab Rep.,SYR,SYR,85660
1952,69,Palestinian,GAZ,PSE,69,State of Palestine,GAZ,PSE,206014
1953,69,Palestinian,GAZ,PSE,96,Jordan,JOR,JOR,479243
1953,69,Palestinian,GAZ,PSE,109,Lebanon,LEB,LBN,100942
1953,69,Palestinian,GAZ,PSE,185,Syrian Arab Rep.,SYR,SYR,85182
1953,69,Palestinian,GAZ,PSE,69,State of Palestine,GAZ,PSE,209229
1954,69,Palestinian,GAZ,PSE,96,Jordan,JOR,JOR,493109
1954,69,Palestinian,GAZ,PSE,109,Lebanon,LEB,LBN,102851
1954,69,Palestinian,GAZ,PSE,185,Syrian Arab Rep.,SYR,SYR,86669
1954,69,Palestinian,GAZ,PSE,69,State of Palestine,GAZ,PSE,212620
1955,69,Palestinian,GAZ,PSE,96,Jordan,JOR,JOR,505704
1955,69,Palestinian,GAZ,PSE,109,Lebanon,LEB,LBN,101536
1955,69,Palestinian,GAZ,PSE,185,Syrian Arab Rep.,SYR,SYR,88958
1955,69,Palestinian,GAZ,PSE,69,State of Palestine,GAZ,PSE,216227
1956,69,Palestinian,GAZ,PSE,96,Jordan,JOR,JOR,511413
1956,69,Palestinian,GAZ,PSE,109,Lebanon,LEB,LBN,103167
1956,69,Palestinian,GAZ,PSE,185,Syrian Arab Rep.,SYR,SYR,90919
1956,69,Palestinian,GAZ,PSE,69,State of Palestine,GAZ,PSE,219423
1957,69,Palestinian,GAZ,PSE,96,Jordan,JOR,JOR,534604
1957,69,Palestinian,GAZ,PSE,109,Lebanon,LEB,LBN,108748
1957,69,Palestinian,GAZ,PSE,185,Syrian Arab Rep.,SYR,SYR,97007
1957,69,Palestinian,GAZ,PSE,69,State of Palestine,GAZ,PSE,227427
1958,69,Palestinian,GAZ,PSE,96,Jordan,JOR,JOR,586706
1958,69,Palestinian,GAZ,PSE,109,Lebanon,LEB,LBN,129228
1958,69,Palestinian,GAZ,PSE,185,Syrian Arab Rep.,SYR,SYR,109506
1958,69,Palestinian,GAZ,PSE,69,State of Palestine,GAZ,PSE,245343
1959,69,Palestinian,GAZ,PSE,96,Jordan,JOR,JOR,604236
1959,69,Palestinian,GAZ,PSE,109,Lebanon,LEB,LBN,134569
1959,69,Palestinian,GAZ,PSE,185,Syrian Arab Rep.,SYR,SYR,112949
1959,69,Palestinian,GAZ,PSE,69,State of Palestine,GAZ,PSE,251976
1960,69,Palestinian,GAZ,PSE,96,Jordan,JOR,JOR,623660
1960,69,Palestinian,GAZ,PSE,109,Lebanon,LEB,LBN,137884
1960,69,Palestinian,GAZ,PSE,185,Syrian Arab Rep.,SYR,SYR,116778
1960,69,Palestinian,GAZ,PSE,69,State of Palestine,GAZ,PSE,258165
1961,69,Palestinian,GAZ,PSE,96,Jordan,JOR,JOR,633197
1961,69,Palestinian,GAZ,PSE,109,Lebanon,LEB,LBN,142670
1961,69,Palestinian,GAZ,PSE,185,Syrian Arab Rep.,SYR,SYR,120577
1961,69,Palestinian,GAZ,PSE,69,State of Palestine,GAZ,PSE,265430
1962,69,Palestinian,GAZ,PSE,96,Jordan,JOR,JOR,644940
1962,69,Palestinian,GAZ,PSE,109,Lebanon,LEB,LBN,146969
1962,69,Palestinian,GAZ,PSE,185,Syrian Arab Rep.,SYR,SYR,124626
1962,69,Palestinian,GAZ,PSE,69,State of Palestine,GAZ,PSE,273038
1963,69,Palestinian,GAZ,PSE,96,Jordan,JOR,JOR,662525
1963,69,Palestinian,GAZ,PSE,109,Lebanon,LEB,LBN,152747
1963,69,Palestinian,GAZ,PSE,185,Syrian Arab Rep.,SYR,SYR,129010
1963,69,Palestinian,GAZ,PSE,69,State of Palestine,GAZ,PSE,283782
1964,69,Palestinian,GAZ,PSE,96,Jordan,JOR,JOR,678985
1964,69,Palestinian,GAZ,PSE,109,Lebanon,LEB,LBN,157274
1964,69,Palestinian,GAZ,PSE,185,Syrian Arab Rep.,SYR,SYR,133366
1964,69,Palestinian,GAZ,PSE,69,State of Palestine,GAZ,PSE,293024
1965,69,Palestinian,GAZ,PSE,96,Jordan,JOR,JOR,697658
1965,69,Palestinian,GAZ,PSE,109,Lebanon,LEB,LBN,162499
1965,69,Palestinian,GAZ,PSE,185,Syrian Arab Rep.,SYR,SYR,138081
1965,69,Palestinian,GAZ,PSE,69,State of Palestine,GAZ,PSE,301879
1966,69,Palestinian,GAZ,PSE,96,Jordan,JOR,JOR,714763
1966,69,Palestinian,GAZ,PSE,109,Lebanon,LEB,LBN,161262
1966,69,Palestinian,GAZ,PSE,185,Syrian Arab Rep.,SYR,SYR,142206
1966,69,Palestinian,GAZ,PSE,69,State of Palestine,GAZ,PSE,311846
1967,69,Palestinian,GAZ,PSE,96,Jordan,JOR,JOR,668453
1967,69,Palestinian,GAZ,PSE,109,Lebanon,LEB,LBN,122967
1967,69,Palestinian,GAZ,PSE,185,Syrian Arab Rep.,SYR,SYR,127304
1967,69,Palestinian,GAZ,PSE,69,State of Palestine,GAZ,PSE,295040
1968,69,Palestinian,GAZ,PSE,96,Jordan,JOR,JOR,478369
1968,69,Palestinian,GAZ,PSE,109,Lebanon,LEB,LBN,168927
1968,69,Palestinian,GAZ,PSE,185,Syrian Arab Rep.,SYR,SYR,151730
1968,69,Palestinian,GAZ,PSE,69,State of Palestine,GAZ,PSE,576889
1969,69,Palestinian,GAZ,PSE,96,Jordan,JOR,JOR,499460
1969,69,Palestinian,GAZ,PSE,109,Lebanon,LEB,LBN,173539
1969,69,Palestinian,GAZ,PSE,185,Syrian Arab Rep.,SYR,SYR,156635
1969,69,Palestinian,GAZ,PSE,69,State of Palestine,GAZ,PSE,580025
1970,69,Palestinian,GAZ,PSE,96,Jordan,JOR,JOR,520997
1970,69,Palestinian,GAZ,PSE,109,Lebanon,LEB,LBN,177862
1970,69,Palestinian,GAZ,PSE,185,Syrian Arab Rep.,SYR,SYR,160932
1970,69,Palestinian,GAZ,PSE,69,State of Palestine,GAZ,PSE,585231
1971,69,Palestinian,GAZ,PSE,96,Jordan,JOR,JOR,542549
1971,69,Palestinian,GAZ,PSE,109,Lebanon,LEB,LBN,181764
1971,69,Palestinian,GAZ,PSE,185,Syrian Arab Rep.,SYR,SYR,166099
1971,69,Palestinian,GAZ,PSE,69,State of Palestine,GAZ,PSE,596684
1972,69,Palestinian,GAZ,PSE,96,Jordan,JOR,JOR,557971
1972,69,Palestinian,GAZ,PSE,109,Lebanon,LEB,LBN,185597
1972,69,Palestinian,GAZ,PSE,185,Syrian Arab Rep.,SYR,SYR,171230
1972,69,Palestinian,GAZ,PSE,69,State of Palestine,GAZ,PSE,608237
1973,69,Palestinian,GAZ,PSE,96,Jordan,JOR,JOR,582400
1973,69,Palestinian,GAZ,PSE,109,Lebanon,LEB,LBN,189277
1973,69,Palestinian,GAZ,PSE,185,Syrian Arab Rep.,SYR,SYR,175817
1973,69,Palestinian,GAZ,PSE,69,State of Palestine,GAZ,PSE,607485
1974,69,Palestinian,GAZ,PSE,96,Jordan,JOR,JOR,607430
1974,69,Palestinian,GAZ,PSE,109,Lebanon,LEB,LBN,192830
1974,69,Palestinian,GAZ,PSE,185,Syrian Arab Rep.,SYR,SYR,179916
1974,69,Palestinian,GAZ,PSE,69,State of Palestine,GAZ,PSE,616545
1975,69,Palestinian,GAZ,PSE,96,Jordan,JOR,JOR,636778
1975,69,Palestinian,GAZ,PSE,109,Lebanon,LEB,LBN,197974
1975,69,Palestinian,GAZ,PSE,185,Syrian Arab Rep.,SYR,SYR,186130
1975,69,Palestinian,GAZ,PSE,69,State of Palestine,GAZ,PSE,631554
1976,69,Palestinian,GAZ,PSE,96,Jordan,JOR,JOR,653708
1976,69,Palestinian,GAZ,PSE,109,Lebanon,LEB,LBN,199238
1976,69,Palestinian,GAZ,PSE,185,Syrian Arab Rep.,SYR,SYR,189902
1976,69,Palestinian,GAZ,PSE,69,State of Palestine,GAZ,PSE,641403
1977,69,Palestinian,GAZ,PSE,96,Jordan,JOR,JOR,672301
1977,69,Palestinian,GAZ,PSE,109,Lebanon,LEB,LBN,206521
1977,69,Palestinian,GAZ,PSE,185,Syrian Arab Rep.,SYR,SYR,195517
1977,69,Palestinian,GAZ,PSE,69,State of Palestine,GAZ,PSE,656181
1978,69,Palestinian,GAZ,PSE,96,Jordan,JOR,JOR,690298
1978,69,Palestinian,GAZ,PSE,109,Lebanon,LEB,LBN,215248
1978,69,Palestinian,GAZ,PSE,185,Syrian Arab Rep.,SYR,SYR,200605
1978,69,Palestinian,GAZ,PSE,69,State of Palestine,GAZ,PSE,672664
1979,69,Palestinian,GAZ,PSE,96,Jordan,JOR,JOR,706625
1979,69,Palestinian,GAZ,PSE,109,Lebanon,LEB,LBN,223470
1979,69,Palestinian,GAZ,PSE,185,Syrian Arab Rep.,SYR,SYR,206045
1979,69,Palestinian,GAZ,PSE,69,State of Palestine,GAZ,PSE,685793
1980,69,Palestinian,GAZ,PSE,96,Jordan,JOR,JOR,723551
1980,69,Palestinian,GAZ,PSE,109,Lebanon,LEB,LBN,230105
1980,69,Palestinian,GAZ,PSE,185,Syrian Arab Rep.,SYR,SYR,212053
1980,69,Palestinian,GAZ,PSE,69,State of Palestine,GAZ,PSE,697453
1981,69,Palestinian,GAZ,PSE,96,Jordan,JOR,JOR,736920
1981,69,Palestinian,GAZ,PSE,109,Lebanon,LEB,LBN,233881
1981,69,Palestinian,GAZ,PSE,185,Syrian Arab Rep.,SYR,SYR,216351
1981,69,Palestinian,GAZ,PSE,69,State of Palestine,GAZ,PSE,707689
1982,69,Palestinian,GAZ,PSE,96,Jordan,JOR,JOR,756487
1982,69,Palestinian,GAZ,PSE,109,Lebanon,LEB,LBN,239217
1982,69,Palestinian,GAZ,PSE,185,Syrian Arab Rep.,SYR,SYR,223122
1982,69,Palestinian,GAZ,PSE,69,State of Palestine,GAZ,PSE,722965
1983,69,Palestinian,GAZ,PSE,96,Jordan,JOR,JOR,771134
1983,69,Palestinian,GAZ,PSE,109,Lebanon,LEB,LBN,252593
1983,69,Palestinian,GAZ,PSE,185,Syrian Arab Rep.,SYR,SYR,229433
1983,69,Palestinian,GAZ,PSE,69,State of Palestine,GAZ,PSE,738797
1984,69,Palestinian,GAZ,PSE,96,Jordan,JOR,JOR,790430
1984,69,Palestinian,GAZ,PSE,109,Lebanon,LEB,LBN,260270
1984,69,Palestinian,GAZ,PSE,185,Syrian Arab Rep.,SYR,SYR,240718
1984,69,Palestinian,GAZ,PSE,69,State of Palestine,GAZ,PSE,775798
1985,69,Palestinian,GAZ,PSE,96,Jordan,JOR,JOR,811260
1985,69,Palestinian,GAZ,PSE,109,Lebanon,LEB,LBN,267614
1985,69,Palestinian,GAZ,PSE,185,Syrian Arab Rep.,SYR,SYR,247991
1985,69,Palestinian,GAZ,PSE,69,State of Palestine,GAZ,PSE,792997
1986,69,Palestinian,GAZ,PSE,96,Jordan,JOR,JOR,834271
1986,69,Palestinian,GAZ,PSE,109,Lebanon,LEB,LBN,274878
1986,69,Palestinian,GAZ,PSE,185,Syrian Arab Rep.,SYR,SYR,254293
1986,69,Palestinian,GAZ,PSE,69,State of Palestine,GAZ,PSE,808938
1987,69,Palestinian,GAZ,PSE,96,Jordan,JOR,JOR,859689
1987,69,Palestinian,GAZ,PSE,109,Lebanon,LEB,LBN,282757
1987,69,Palestinian,GAZ,PSE,185,Syrian Arab Rep.,SYR,SYR,261694
1987,69,Palestinian,GAZ,PSE,69,State of Palestine,GAZ,PSE,828482
1988,69,Palestinian,GAZ,PSE,96,Jordan,JOR,JOR,884040
1988,69,Palestinian,GAZ,PSE,109,Lebanon,LEB,LBN,292098
1988,69,Palestinian,GAZ,PSE,185,Syrian Arab Rep.,SYR,SYR,269142
1988,69,Palestinian,GAZ,PSE,69,State of Palestine,GAZ,PSE,856639
1989,69,Palestinian,GAZ,PSE,96,Jordan,JOR,JOR,916013
1989,69,Palestinian,GAZ,PSE,109,Lebanon,LEB,LBN,296871
1989,69,Palestinian,GAZ,PSE,185,Syrian Arab Rep.,SYR,SYR,276547
1989,69,Palestinian,GAZ,PSE,69,State of Palestine,GAZ,PSE,886736
1990,69,Palestinian,GAZ,PSE,96,Jordan,JOR,JOR,943819
1990,69,Palestinian,GAZ,PSE,109,Lebanon,LEB,LBN,306471
1990,69,Palestinian,GAZ,PSE,185,Syrian Arab Rep.,SYR,SYR,284888
1990,69,Palestinian,GAZ,PSE,69,State of Palestine,GAZ,PSE,931338
1991,69,Palestinian,GAZ,PSE,96,Jordan,JOR,JOR,989207
1991,69,Palestinian,GAZ,PSE,109,Lebanon,LEB,LBN,315508
1991,69,Palestinian,GAZ,PSE,185,Syrian Arab Rep.,SYR,SYR,294050
1991,69,Palestinian,GAZ,PSE,69,State of Palestine,GAZ,PSE,987508
1992,69,Palestinian,GAZ,PSE,96,Jordan,JOR,JOR,1042123
1992,69,Palestinian,GAZ,PSE,109,Lebanon,LEB,LBN,324219
1992,69,Palestinian,GAZ,PSE,185,Syrian Arab Rep.,SYR,SYR,306042
1992,69,Palestinian,GAZ,PSE,69,State of Palestine,GAZ,PSE,1055436
1993,69,Palestinian,GAZ,PSE,96,Jordan,JOR,JOR,1140199
1993,69,Palestinian,GAZ,PSE,109,Lebanon,LEB,LBN,334659
1993,69,Palestinian,GAZ,PSE,185,Syrian Arab Rep.,SYR,SYR,321104
1993,69,Palestinian,GAZ,PSE,69,State of Palestine,GAZ,PSE,1117275
1994,69,Palestinian,GAZ,PSE,96,Jordan,JOR,JOR,1239811
1994,69,Palestinian,GAZ,PSE,109,Lebanon,LEB,LBN,342121
1994,69,Palestinian,GAZ,PSE,185,Syrian Arab Rep.,SYR,SYR,332465
1994,69,Palestinian,GAZ,PSE,69,State of Palestine,GAZ,PSE,1178777
1995,69,Palestinian,GAZ,PSE,96,Jordan,JOR,JOR,1328768
1995,69,Palestinian,GAZ,PSE,109,Lebanon,LEB,LBN,349773
1995,69,Palestinian,GAZ,PSE,185,Syrian Arab Rep.,SYR,SYR,342507
1995,69,Palestinian,GAZ,PSE,69,State of Palestine,GAZ,PSE,1224996
1996,69,Palestinian,GAZ,PSE,96,Jordan,JOR,JOR,1389603
1996,69,Palestinian,GAZ,PSE,109,Lebanon,LEB,LBN,356258
1996,69,Palestinian,GAZ,PSE,185,Syrian Arab Rep.,SYR,SYR,352136
1996,69,Palestinian,GAZ,PSE,69,State of Palestine,GAZ,PSE,1270333
1997,69,Palestinian,GAZ,PSE,96,Jordan,JOR,JOR,1437371
1997,69,Palestinian,GAZ,PSE,109,Lebanon,LEB,LBN,362098
1997,69,Palestinian,GAZ,PSE,185,Syrian Arab Rep.,SYR,SYR,361202
1997,69,Palestinian,GAZ,PSE,69,State of Palestine,GAZ,PSE,1308438
1998,69,Palestinian,GAZ,PSE,96,Jordan,JOR,JOR,1487449
1998,69,Palestinian,GAZ,PSE,109,Lebanon,LEB,LBN,367610
1998,69,Palestinian,GAZ,PSE,185,Syrian Arab Rep.,SYR,SYR,370035
1998,69,Palestinian,GAZ,PSE,69,State of Palestine,GAZ,PSE,1348288
1999,69,Palestinian,GAZ,PSE,96,Jordan,JOR,JOR,1541405
1999,69,Palestinian,GAZ,PSE,109,Lebanon,LEB,LBN,373440
1999,69,Palestinian,GAZ,PSE,185,Syrian Arab Rep.,SYR,SYR,378382
1999,69,Palestinian,GAZ,PSE,69,State of Palestine,GAZ,PSE,1384655
2000,69,Palestinian,GAZ,PSE,96,Jordan,JOR,JOR,1609566
2000,69,Palestinian,GAZ,PSE,109,Lebanon,LEB,LBN,380072
2000,69,Palestinian,GAZ,PSE,185,Syrian Arab Rep.,SYR,SYR,387526
2000,69,Palestinian,GAZ,PSE,69,State of Palestine,GAZ,PSE,1428891
2001,69,Palestinian,GAZ,PSE,96,Jordan,JOR,JOR,1662227
2001,69,Palestinian,GAZ,PSE,109,Lebanon,LEB,LBN,384918
2001,69,Palestinian,GAZ,PSE,185,Syrian Arab Rep.,SYR,SYR,396248
2001,69,Palestinian,GAZ,PSE,69,State of Palestine,GAZ,PSE,1483394
2002,69,Palestinian,GAZ,PSE,96,Jordan,JOR,JOR,1698271
2002,69,Palestinian,GAZ,PSE,109,Lebanon,LEB,LBN,389233
2002,69,Palestinian,GAZ,PSE,185,Syrian Arab Rep.,SYR,SYR,405601
2002,69,Palestinian,GAZ,PSE,69,State of Palestine,GAZ,PSE,1532589
2003,69,Palestinian,GAZ,PSE,96,Jordan,JOR,JOR,1740170
2003,69,Palestinian,GAZ,PSE,109,Lebanon,LEB,LBN,394532
2003,69,Palestinian,GAZ,PSE,185,Syrian Arab Rep.,SYR,SYR,413827
2003,69,Palestinian,GAZ,PSE,69,State of Palestine,GAZ,PSE,1587920
2004,69,Palestinian,GAZ,PSE,96,Jordan,JOR,JOR,1776669
2004,69,Palestinian,GAZ,PSE,109,Lebanon,LEB,LBN,399152
2004,69,Palestinian,GAZ,PSE,185,Syrian Arab Rep.,SYR,SYR,421737
2004,69,Palestinian,GAZ,PSE,69,State of Palestine,GAZ,PSE,1634952
2005,69,Palestinian,GAZ,PSE,96,Jordan,JOR,JOR,1827877
2005,69,Palestinian,GAZ,PSE,109,Lebanon,LEB,LBN,404170
2005,69,Palestinian,GAZ,PSE,185,Syrian Arab Rep.,SYR,SYR,432048
2005,69,Palestinian,GAZ,PSE,69,State of Palestine,GAZ,PSE,1685851
2006,69,Palestinian,GAZ,PSE,96,Jordan,JOR,JOR,1858362
2006,69,Palestinian,GAZ,PSE,109,Lebanon,LEB,LBN,408438
2006,69,Palestinian,GAZ,PSE,185,Syrian Arab Rep.,SYR,SYR,442363
2006,69,Palestinian,GAZ,PSE,69,State of Palestine,GAZ,PSE,1739266
2007,69,Palestinian,GAZ,PSE,96,Jordan,JOR,JOR,1903490
2007,69,Palestinian,GAZ,PSE,109,Lebanon,LEB,LBN,413962
2007,69,Palestinian,GAZ,PSE,185,Syrian Arab Rep.,SYR,SYR,451467
2007,69,Palestinian,GAZ,PSE,69,State of Palestine,GAZ,PSE,1793901
2008,69,Palestinian,GAZ,PSE,96,Jordan,JOR,JOR,1951603
2008,69,Palestinian,GAZ,PSE,109,Lebanon,LEB,LBN,422188
2008,69,Palestinian,GAZ,PSE,185,Syrian Arab Rep.,SYR,SYR,461897
2008,69,Palestinian,GAZ,PSE,69,State of Palestine,GAZ,PSE,1836123
2009,69,Palestinian,GAZ,PSE,96,Jordan,JOR,JOR,1983733
2009,69,Palestinian,GAZ,PSE,109,Lebanon,LEB,LBN,425640
2009,69,Palestinian,GAZ,PSE,185,Syrian Arab Rep.,SYR,SYR,472109
2009,69,Palestinian,GAZ,PSE,69,State of Palestine,GAZ,PSE,1885188
2010,69,Palestinian,GAZ,PSE,96,Jordan,JOR,JOR,1942431
2010,69,Palestinian,GAZ,PSE,109,Lebanon,LEB,LBN,430078
2010,69,Palestinian,GAZ,PSE,185,Syrian Arab Rep.,SYR,SYR,476801
2010,69,Palestinian,GAZ,PSE,69,State of Palestine,GAZ,PSE,1841769
2011,69,Palestinian,GAZ,PSE,96,Jordan,JOR,JOR,1979580
2011,69,Palestinian,GAZ,PSE,109,Lebanon,LEB,LBN,436154
2011,69,Palestinian,GAZ,PSE,185,Syrian Arab Rep.,SYR,SYR,486946
2011,69,Palestinian,GAZ,PSE,69,State of Palestine,GAZ,PSE,1895043
2012,69,Palestinian,GAZ,PSE,96,Jordan,JOR,JOR,2034641
2012,69,Palestinian,GAZ,PSE,109,Lebanon,LEB,LBN,441543
2012,69,Palestinian,GAZ,PSE,185,Syrian Arab Rep.,SYR,SYR,499189
2012,69,Palestinian,GAZ,PSE,69,State of Palestine,GAZ,PSE,1944544
2013,69,Palestinian,GAZ,PSE,96,Jordan,JOR,JOR,2070973
2013,69,Palestinian,GAZ,PSE,109,Lebanon,LEB,LBN,447328
2013,69,Palestinian,GAZ,PSE,185,Syrian Arab Rep.,SYR,SYR,517255
2013,69,Palestinian,GAZ,PSE,69,State of Palestine,GAZ,PSE,1994493
2014,69,Palestinian,GAZ,PSE,96,Jordan,JOR,JOR,2117361
2014,69,Palestinian,GAZ,PSE,109,Lebanon,LEB,LBN,452669
2014,69,Palestinian,GAZ,PSE,185,Syrian Arab Rep.,SYR,SYR,528616
2014,69,Palestinian,GAZ,PSE,69,State of Palestine,GAZ,PSE,2051096
2015,69,Palestinian,GAZ,PSE,96,Jordan,JOR,JOR,2144233
2015,69,Palestinian,GAZ,PSE,109,Lebanon,LEB,LBN,458369
2015,69,Palestinian,GAZ,PSE,185,Syrian Arab Rep.,SYR,SYR,534654
2015,69,Palestinian,GAZ,PSE,69,State of Palestine,GAZ,PSE,2104001
2016,69,Palestinian,GAZ,PSE,96,Jordan,JOR,JOR,2175491
2016,69,Palestinian,GAZ,PSE,109,Lebanon,LEB,LBN,463664
2016,69,Palestinian,GAZ,PSE,185,Syrian Arab Rep.,SYR,SYR,543014
2016,69,Palestinian,GAZ,PSE,69,State of Palestine,GAZ,PSE,2158274
2017,69,Palestinian,GAZ,PSE,96,Jordan,JOR,JOR,2206736
2017,69,Palestinian,GAZ,PSE,109,Lebanon,LEB,LBN,469555
2017,69,Palestinian,GAZ,PSE,185,Syrian Arab Rep.,SYR,SYR,551873
2017,69,Palestinian,GAZ,PSE,69,State of Palestine,GAZ,PSE,2214783
2018,69,Palestinian,GAZ,PSE,96,Jordan,JOR,JOR,2242577
2018,69,Palestinian,GAZ,PSE,109,Lebanon,LEB,LBN,475075
2018,69,Palestinian,GAZ,PSE,185,Syrian Arab Rep.,SYR,SYR,560139
2018,69,Palestinian,GAZ,PSE,69,State of Palestine,GAZ,PSE,2267747
2019,69,Palestinian,GAZ,PSE,96,Jordan,JOR,JOR,2272411
2019,69,Palestinian,GAZ,PSE,109,Lebanon,LEB,LBN,476033
2019,69,Palestinian,GAZ,PSE,185,Syrian Arab Rep.,SYR,SYR,562312
2019,69,Palestinian,GAZ,PSE,69,State of Palestine,GAZ,PSE,2319073
2020,69,Palestinian,GAZ,PSE,69,State of Palestine,GAZ,PSE,2348243
2020,69,Palestinian,GAZ,PSE,96,Jordan,JOR,JOR,2307011
2020,69,Palestinian,GAZ,PSE,109,Lebanon,LEB,LBN,479537
2020,69,Palestinian,GAZ,PSE,185,Syrian Arab Rep.,SYR,SYR,568730
2021,69,Palestinian,GAZ,PSE,69,State of Palestine,GAZ,PSE,2400208
2021,69,Palestinian,GAZ,PSE,96,Jordan,JOR,JOR,2334789
2021,69,Palestinian,GAZ,PSE,109,Lebanon,LEB,LBN,482676
2021,69,Palestinian,GAZ,PSE,185,Syrian Arab Rep.,SYR,SYR,575234
2022,69,Palestinian,GAZ,PSE,69,State of Palestine,GAZ,PSE,2454258
2022,69,Palestinian,GAZ,PSE,96,Jordan,JOR,JOR,2365090
2022,69,Palestinian,GAZ,PSE,109,Lebanon,LEB,LBN,487282
2022,69,Palestinian,GAZ,PSE,185,Syrian Arab Rep.,SYR,SYR,580723
2023,69,Palestinian,GAZ,PSE,69,State of Palestine,GAZ,PSE,2496694
2023,69,Palestinian,GAZ,PSE,96,Jordan,JOR,JOR,2392531
2023,69,Palestinian,GAZ,PSE,109,Lebanon,LEB,LBN,492833
2023,69,Palestinian,GAZ,PSE,185,Syrian Arab Rep.,SYR,SYR,586578
2024,69,Palestinian,GAZ,PSE,69,State of Palestine,GAZ,PSE,2474000
2024,69,Palestinian,GAZ,PSE,96,Jordan,JOR,JOR,2371387
2024,69,Palestinian,GAZ,PSE,109,Lebanon,LEB,LBN,486269
2024,69,Palestinian,GAZ,PSE,185,Syrian Arab Rep.,SYR,SYR,582745
2025,69,Palestinian,GAZ,PSE,69,State of Palestine,GAZ,PSE,2484580
2025,69,Palestinian,GAZ,PSE,96,Jordan,JOR,JOR,2398179
2025,69,Palestinian,GAZ,PSE,109,Lebanon,LEB,LBN,228274
2025,69,Palestinian,GAZ,PSE,185,Syrian Arab Rep.,SYR,SYR,357985
2025,69,Palestinian,GAZ,PSE,262,Unknown ,UKN,UNK,495764
